-- MySQL dump 10.13  Distrib 5.6.23, for Win32 (x86)
--
-- Host: localhost    Database: c9
-- ------------------------------------------------------
-- Server version	5.6.15-log

/*!40101 SET @OLD_CHARACTER_SET_CLIENT=@@CHARACTER_SET_CLIENT */;
/*!40101 SET @OLD_CHARACTER_SET_RESULTS=@@CHARACTER_SET_RESULTS */;
/*!40101 SET @OLD_COLLATION_CONNECTION=@@COLLATION_CONNECTION */;
/*!40101 SET NAMES utf8 */;
/*!40103 SET @OLD_TIME_ZONE=@@TIME_ZONE */;
/*!40103 SET TIME_ZONE='+00:00' */;
/*!40014 SET @OLD_UNIQUE_CHECKS=@@UNIQUE_CHECKS, UNIQUE_CHECKS=0 */;
/*!40014 SET @OLD_FOREIGN_KEY_CHECKS=@@FOREIGN_KEY_CHECKS, FOREIGN_KEY_CHECKS=0 */;
/*!40101 SET @OLD_SQL_MODE=@@SQL_MODE, SQL_MODE='NO_AUTO_VALUE_ON_ZERO' */;
/*!40111 SET @OLD_SQL_NOTES=@@SQL_NOTES, SQL_NOTES=0 */;

--
-- Table structure for table `brand`
--

DROP TABLE IF EXISTS `brand`;
/*!40101 SET @saved_cs_client     = @@character_set_client */;
/*!40101 SET character_set_client = utf8 */;
CREATE TABLE `brand` (
  `id` int(11) NOT NULL AUTO_INCREMENT,
  `code` varchar(45) DEFAULT NULL,
  `name` varchar(45) NOT NULL,
  `created_by` int(11) NOT NULL,
  `created_at` datetime NOT NULL,
  PRIMARY KEY (`id`),
  UNIQUE KEY `id_UNIQUE` (`id`)
) ENGINE=InnoDB AUTO_INCREMENT=35 DEFAULT CHARSET=utf8;
/*!40101 SET character_set_client = @saved_cs_client */;

--
-- Dumping data for table `brand`
--

LOCK TABLES `brand` WRITE;
/*!40000 ALTER TABLE `brand` DISABLE KEYS */;
INSERT INTO `brand` VALUES (1,'','American Lincoln',1,'2015-09-14 14:57:13'),(2,'','Atlas Copco',1,'2015-09-14 14:57:13'),(3,'','Barko',1,'2015-09-14 14:57:13'),(4,'','Caburga',1,'2015-09-14 14:57:13'),(5,'','Case',1,'2015-09-14 14:57:13'),(6,'','Caterpillar',1,'2015-09-14 14:57:13'),(7,'','Continental',1,'2015-09-14 14:57:13'),(8,'','Ford',1,'2015-09-14 14:57:13'),(9,'','Freightliner',1,'2015-09-14 14:57:13'),(10,'','Goren',1,'2015-09-14 14:57:13'),(11,'','Hechizo',1,'2015-09-14 14:57:13'),(12,'','Hino',1,'2015-09-14 14:57:13'),(13,'','Hyster',1,'2015-09-14 14:57:13'),(14,'','Hyundai',1,'2015-09-14 14:57:13'),(15,'','Internacional',1,'2015-09-14 14:57:13'),(16,'','Iveco',1,'2015-09-14 14:57:13'),(17,'','John Deere',1,'2015-09-14 14:57:13'),(18,'','Kaeser',1,'2015-09-14 14:57:13'),(19,'','Komatsu',1,'2015-09-14 14:57:13'),(20,'','Liebherr',1,'2015-09-14 14:57:13'),(21,'','Linde',1,'2015-09-14 14:57:13'),(22,'','Mazda',1,'2015-09-14 14:57:13'),(23,'','Mercedes Benz',1,'2015-09-14 14:57:13'),(24,'','Nissan',1,'2015-09-14 14:57:13'),(25,'','Randon',1,'2015-09-14 14:57:13'),(26,'','Rocongu',1,'2015-09-14 14:57:13'),(27,'','Trayers',1,'2015-09-14 14:57:13'),(28,'','Tremac',1,'2015-09-14 14:57:13'),(29,'','Villalta',1,'2015-09-14 14:57:13'),(30,'','Volkswagen',1,'2015-09-14 14:57:13'),(31,'','Volvo',1,'2015-09-14 14:57:13'),(32,'','Witco Challenger',1,'2015-09-14 14:57:13'),(33,'','Fiat',1,'2015-09-14 14:57:13'),(34,'','Sin Marca',1,'2015-09-14 14:57:15');
/*!40000 ALTER TABLE `brand` ENABLE KEYS */;
UNLOCK TABLES;

--
-- Table structure for table `cargos`
--

DROP TABLE IF EXISTS `cargos`;
/*!40101 SET @saved_cs_client     = @@character_set_client */;
/*!40101 SET character_set_client = utf8 */;
CREATE TABLE `cargos` (
  `idCargos` int(11) NOT NULL,
  `codigo` varchar(45) DEFAULT NULL,
  `nombre` varchar(45) DEFAULT NULL,
  `creadoPor` int(11) DEFAULT NULL,
  `creadoAt` datetime DEFAULT NULL,
  PRIMARY KEY (`idCargos`)
) ENGINE=InnoDB DEFAULT CHARSET=latin1;
/*!40101 SET character_set_client = @saved_cs_client */;

--
-- Dumping data for table `cargos`
--

LOCK TABLES `cargos` WRITE;
/*!40000 ALTER TABLE `cargos` DISABLE KEYS */;
INSERT INTO `cargos` VALUES (1,'','ADMINISTRADOR',1,'2015-07-28 00:00:00'),(2,'','ADMINISTRATIVO',1,'2015-07-28 00:00:00'),(3,'','ADMINISTRATIVO CONTABLE',1,'2015-07-28 00:00:00'),(4,'','ADMINISTRATIVO DE RRHH',1,'2015-07-28 00:00:00'),(5,'','ASEADOR',1,'2015-07-28 00:00:00'),(6,'','ASEADOR-OPERADOR',1,'2015-07-28 00:00:00'),(7,'','ASISTENTE  PREVENCION RIESGOS',1,'2015-07-28 00:00:00'),(8,'','ASISTENTE ADMINISTRATIVO',1,'2015-07-28 00:00:00'),(9,'','ASISTENTE DE COMPRAS',1,'2015-07-28 00:00:00'),(10,'','ASISTENTE DE CONTROL DE GESTIO',1,'2015-07-28 00:00:00'),(11,'','AYTE. MECANICO ARAUCO',1,'2015-07-28 00:00:00'),(12,'','AYTE.CANCHA Y CHOFER TRACTOR',1,'2015-07-28 00:00:00'),(13,'','AYTE.CANCHA Y OP.DESC.ASTILLAS',1,'2015-07-28 00:00:00'),(14,'','AYTE.MECANICO BIOMASA',1,'2015-07-28 00:00:00'),(15,'','AYUDANTE CANCHA',1,'2015-07-28 00:00:00'),(16,'','AYUDANTE MECANICO',1,'2015-07-28 00:00:00'),(17,'','BANDERILLERO',1,'2015-07-28 00:00:00'),(18,'','BANDERILLERO Y OP.DESC.ASTILLA',1,'2015-07-28 00:00:00'),(19,'','BARREDOR Y AYDTE.MANTENCION',1,'2015-07-28 00:00:00'),(20,'','CAPATAZ',1,'2015-07-28 00:00:00'),(21,'','CHOF.MEC.TRAC Y OP.GRUA ARA',1,'2015-07-28 00:00:00'),(22,'','CHOF.MEC.TRAC Y/O CAMION AR',1,'2015-07-28 00:00:00'),(23,'','CHOFER MEC.TRACTOR ARAUCO',1,'2015-07-28 00:00:00'),(24,'','CHOFER MEC.TRACTOR Y OPER.GRUA',1,'2015-07-28 00:00:00'),(25,'','CHOFER MECANICO DE TRACTOR',1,'2015-07-28 00:00:00'),(26,'','CHOFER TRAS.PERS. Y MECANICO',1,'2015-07-28 00:00:00'),(27,'','CONDUCTOR CAMION COMBUSTIBLE',1,'2015-07-28 00:00:00'),(28,'','CONDUCTOR DE CAMION',1,'2015-07-28 00:00:00'),(29,'','CONDUCTOR DE COMPRAS',1,'2015-07-28 00:00:00'),(30,'','CONTADOR',1,'2015-07-28 00:00:00'),(31,'','DESABOLLADOR - PINTOR',1,'2015-07-28 00:00:00'),(32,'','DESPACHADOR',1,'2015-07-28 00:00:00'),(33,'','DESPACHADOR-OPERARIO CONTROLAD',1,'2015-07-28 00:00:00'),(34,'','DIGITADOR',1,'2015-07-28 00:00:00'),(35,'','ELECTROMECANICO',1,'2015-07-28 00:00:00'),(36,'','ELECTROMECANICO  ARAUCO',1,'2015-07-28 00:00:00'),(37,'','ENCARGADA DE REMUNERACIONES',1,'2015-07-28 00:00:00'),(38,'','ENCARGADO DE COMPRAS',1,'2015-07-28 00:00:00'),(39,'','ENCARGADO DE INFORMATICA',1,'2015-07-28 00:00:00'),(40,'','EXPERTO EN PREVENCION DE RIESG',1,'2015-07-28 00:00:00'),(41,'','GERENTE GENERAL',1,'2015-07-28 00:00:00'),(42,'','GERENTE OPERACIONES',1,'2015-07-28 00:00:00'),(43,'','JEFE DE ABASTECIMIENTO',1,'2015-07-28 00:00:00'),(44,'','JEFE DE CONTABILIDAD',1,'2015-07-28 00:00:00'),(45,'','JEFE DE OPERACIONES',1,'2015-07-28 00:00:00'),(46,'','JEFE DEPTO.PREVENCION',1,'2015-07-28 00:00:00'),(47,'','JEFE GESTION PERSONAS',1,'2015-07-28 00:00:00'),(48,'','JEFE MANTENCION CENTRAL',1,'2015-07-28 00:00:00'),(49,'','JEFE MANTENCION FAENA',1,'2015-07-28 00:00:00'),(50,'','JEFE MANTENCION FAENA ARAUCO',1,'2015-07-28 00:00:00'),(51,'','JEFE TALLER CENTRAL',1,'2015-07-28 00:00:00'),(52,'','JEFE TURNO',1,'2015-07-28 00:00:00'),(53,'','JEFE TURNO ARAUCO',1,'2015-07-28 00:00:00'),(54,'','MECANICO',1,'2015-07-28 00:00:00'),(55,'','MECANICO  ARAUCO',1,'2015-07-28 00:00:00'),(56,'','MECANICO SOLDADOR BIOMASA',1,'2015-07-28 00:00:00'),(57,'','MECANICO TULSA',1,'2015-07-28 00:00:00'),(58,'','OP. MEC.CARGADOR FRONTAL',1,'2015-07-28 00:00:00'),(59,'','OP.G.HORQUILLA Y CARG.FRONTAL',1,'2015-07-28 00:00:00'),(60,'','OP.MEC.CARG.FRONTAL BIOMASA',1,'2015-07-28 00:00:00'),(61,'','OP.MEC.GRUA-CARG.FRONTAL',1,'2015-07-28 00:00:00'),(62,'','OP.MEC.GRUA-CHOF.TRACTOR ARAUC',1,'2015-07-28 00:00:00'),(63,'','OP.MEC.GRUA-OP.CARG.F.ARAUCO',1,'2015-07-28 00:00:00'),(64,'','OPER.GRUA-CONDUC.CAMION',1,'2015-07-28 00:00:00'),(65,'','OPER.MEC. GRUA PTA.ARAUCO',1,'2015-07-28 00:00:00'),(66,'','OPER.MEC.CARG FRONTAL/OP.GRUA',1,'2015-07-28 00:00:00'),(67,'','OPER.MEC.CARG.FRONTAL  TULSA',1,'2015-07-28 00:00:00'),(68,'','OPERADOR BULDOZER',1,'2015-07-28 00:00:00'),(69,'','OPERADOR MECANICO GRUA FAENA',1,'2015-07-28 00:00:00'),(70,'','OPERADOR MECANICO GRUA PLANTA',1,'2015-07-28 00:00:00'),(71,'','OPERADOR MINI CARGADOR',1,'2015-07-28 00:00:00'),(72,'','OPERADOR SILO',1,'2015-07-28 00:00:00'),(73,'','OPERARIO ASEADOR',1,'2015-07-28 00:00:00'),(74,'','OPERARIO CONTROLADOR',1,'2015-07-28 00:00:00'),(75,'','OPERARIO DESCARGADOR ASTILLAS',1,'2015-07-28 00:00:00'),(76,'','OPERARIO TECLE M. CARRO',1,'2015-07-28 00:00:00'),(77,'','PAÑOLERO',1,'2015-07-28 00:00:00'),(78,'','RONDIN',1,'2015-07-28 00:00:00'),(79,'','SECRETARIA',1,'2015-07-28 00:00:00'),(80,'','SOLDADOR',1,'2015-07-28 00:00:00'),(81,'','SOLDADOR - MECANICO',1,'2015-07-28 00:00:00'),(82,'','SUB GERENTE ADMINIST.Y FINANZA',1,'2015-07-28 00:00:00'),(83,'','SUB GERENTE OPERACIONES',1,'2015-07-28 00:00:00'),(84,'','SUPERVISOR',1,'2015-07-28 00:00:00');
/*!40000 ALTER TABLE `cargos` ENABLE KEYS */;
UNLOCK TABLES;

--
-- Table structure for table `category`
--

DROP TABLE IF EXISTS `category`;
/*!40101 SET @saved_cs_client     = @@character_set_client */;
/*!40101 SET character_set_client = utf8 */;
CREATE TABLE `category` (
  `id` int(11) NOT NULL AUTO_INCREMENT,
  `code` int(11) NOT NULL,
  `name` varchar(45) NOT NULL,
  `created_by` int(11) NOT NULL,
  `created_at` datetime NOT NULL,
  PRIMARY KEY (`id`),
  UNIQUE KEY `id_UNIQUE` (`id`)
) ENGINE=InnoDB AUTO_INCREMENT=9 DEFAULT CHARSET=utf8;
/*!40101 SET character_set_client = @saved_cs_client */;

--
-- Dumping data for table `category`
--

LOCK TABLES `category` WRITE;
/*!40000 ALTER TABLE `category` DISABLE KEYS */;
INSERT INTO `category` VALUES (1,0,'Grúas Pluma',1,'2015-09-14 14:44:52'),(2,0,'Grúas sobre camión',1,'2015-09-14 14:44:52'),(3,0,'Grúas Horquilla',1,'2015-09-14 14:44:52'),(4,0,'Cargadores',1,'2015-09-14 14:44:52'),(5,0,'Tractores',1,'2015-09-14 14:44:52'),(6,0,'Remolques',1,'2015-09-14 14:44:52'),(7,0,'Vehículos de Apoyo',1,'2015-09-14 14:44:52'),(8,0,'Implementos',1,'2015-09-14 14:44:55');
/*!40000 ALTER TABLE `category` ENABLE KEYS */;
UNLOCK TABLES;

--
-- Table structure for table `chargeables`
--

DROP TABLE IF EXISTS `chargeables`;
/*!40101 SET @saved_cs_client     = @@character_set_client */;
/*!40101 SET character_set_client = utf8 */;
CREATE TABLE `chargeables` (
  `id` int(11) NOT NULL AUTO_INCREMENT,
  `concept_id` int(11) NOT NULL,
  `loaded_origin_id` int(11) NOT NULL,
  `loaded_destination_id` int(11) NOT NULL,
  `loaded_origin_type` varchar(45) NOT NULL,
  `loaded_destination_type` varchar(45) NOT NULL,
  `enterprise_id` int(11) NOT NULL,
  `operation_id` int(11) NOT NULL,
  `work_shift_id` int(11) NOT NULL,
  `responsible_id` int(11) DEFAULT NULL,
  `operator_id` int(11) DEFAULT NULL,
  `ubication_id` int(11) DEFAULT NULL,
  `load_date` datetime NOT NULL,
  `order_number` int(11) DEFAULT NULL,
  `bill_number` int(11) DEFAULT NULL,
  `liters` int(11) NOT NULL,
  `counter` int(11) DEFAULT NULL,
  `hour_meter` int(11) DEFAULT NULL,
  `net_price` decimal(10,5) DEFAULT NULL,
  `net_value` float DEFAULT NULL,
  `fuel_tax` int(11) DEFAULT NULL,
  `tax` float DEFAULT NULL,
  `total_amount` int(11) DEFAULT NULL,
  `created_by` int(11) NOT NULL,
  `created_at` datetime NOT NULL,
  `updated_at` datetime NOT NULL,
  PRIMARY KEY (`id`),
  UNIQUE KEY `id_UNIQUE` (`id`)
) ENGINE=InnoDB AUTO_INCREMENT=39 DEFAULT CHARSET=utf8;
/*!40101 SET character_set_client = @saved_cs_client */;

--
-- Dumping data for table `chargeables`
--

LOCK TABLES `chargeables` WRITE;
/*!40000 ALTER TABLE `chargeables` DISABLE KEYS */;
INSERT INTO `chargeables` VALUES (36,2,1,2,'App\\Models\\Dispensador','App\\Models\\Dispensador',3,8,1,NULL,3,NULL,'2015-09-29 00:00:00',326044495,NULL,2000,44444,5555,0.00000,0,NULL,0,0,1,'2015-09-29 17:59:54','2015-09-29 17:59:54'),(37,3,1,50,'App\\Models\\Dispensador','App\\Models\\Equipo',3,8,1,NULL,6,1,'2015-09-29 00:00:00',NULL,NULL,500,44444,5555,0.00000,0,NULL,0,0,1,'2015-09-29 18:05:16','2015-09-29 18:05:16'),(38,1,3,1,'App\\Models\\Proveedor','App\\Models\\Dispensador',3,8,1,NULL,NULL,NULL,'2015-09-29 00:00:00',65656,65656,1000,NULL,NULL,355.00000,355000,45,67450,422495,1,'2015-09-29 19:59:59','2015-09-29 19:59:59');
/*!40000 ALTER TABLE `chargeables` ENABLE KEYS */;
UNLOCK TABLES;

--
-- Table structure for table `concept`
--

DROP TABLE IF EXISTS `concept`;
/*!40101 SET @saved_cs_client     = @@character_set_client */;
/*!40101 SET character_set_client = utf8 */;
CREATE TABLE `concept` (
  `id` int(11) NOT NULL AUTO_INCREMENT,
  `code` varchar(45) DEFAULT NULL,
  `name` varchar(45) DEFAULT NULL,
  `created_by` int(11) DEFAULT NULL,
  `created_at` datetime DEFAULT NULL,
  PRIMARY KEY (`id`),
  UNIQUE KEY `id_UNIQUE` (`id`)
) ENGINE=InnoDB AUTO_INCREMENT=7 DEFAULT CHARSET=utf8;
/*!40101 SET character_set_client = @saved_cs_client */;

--
-- Dumping data for table `concept`
--

LOCK TABLES `concept` WRITE;
/*!40000 ALTER TABLE `concept` DISABLE KEYS */;
INSERT INTO `concept` VALUES (1,'','Compra',1,'2015-09-08 13:23:45'),(2,'','Carga a dispensador',1,'2015-09-09 18:56:49'),(3,'','Consumo equipo',1,'2015-09-09 18:56:49'),(4,'','Devolución',1,'2015-09-09 18:56:51'),(5,'','Préstamo a externo',1,'2015-09-16 14:50:16'),(6,'','Préstamo a dispensador',1,'2015-09-22 14:11:27');
/*!40000 ALTER TABLE `concept` ENABLE KEYS */;
UNLOCK TABLES;

--
-- Table structure for table `conceptoscargas`
--

DROP TABLE IF EXISTS `conceptoscargas`;
/*!40101 SET @saved_cs_client     = @@character_set_client */;
/*!40101 SET character_set_client = utf8 */;
CREATE TABLE `conceptoscargas` (
  `idConceptosCargas` int(11) NOT NULL,
  `codigo` varchar(45) DEFAULT NULL,
  `nombre` varchar(45) DEFAULT NULL,
  `creadoPor` int(11) DEFAULT NULL,
  `creadoAt` datetime DEFAULT NULL,
  PRIMARY KEY (`idConceptosCargas`),
  UNIQUE KEY `idConceptosCargas_UNIQUE` (`idConceptosCargas`)
) ENGINE=InnoDB DEFAULT CHARSET=latin1;
/*!40101 SET character_set_client = @saved_cs_client */;

--
-- Dumping data for table `conceptoscargas`
--

LOCK TABLES `conceptoscargas` WRITE;
/*!40000 ALTER TABLE `conceptoscargas` DISABLE KEYS */;
INSERT INTO `conceptoscargas` VALUES (1,'','Compra',1,'2015-09-04 14:54:02');
/*!40000 ALTER TABLE `conceptoscargas` ENABLE KEYS */;
UNLOCK TABLES;

--
-- Table structure for table `dispensadores`
--

DROP TABLE IF EXISTS `dispensadores`;
/*!40101 SET @saved_cs_client     = @@character_set_client */;
/*!40101 SET character_set_client = utf8 */;
CREATE TABLE `dispensadores` (
  `idDispensadores` int(11) NOT NULL,
  `idFaenaUbicacion` int(11) DEFAULT NULL,
  `nombre` varchar(45) DEFAULT NULL,
  `capacidad` int(11) DEFAULT NULL,
  `idTipoDispensador` int(11) DEFAULT NULL,
  `idEquipo` int(11) DEFAULT NULL,
  `interno` int(11) DEFAULT NULL,
  `administracion` int(11) DEFAULT NULL,
  `reqContador` int(11) DEFAULT NULL,
  `reqLitros` int(11) DEFAULT NULL,
  `creadoPor` int(11) DEFAULT NULL,
  `creadoAt` datetime DEFAULT NULL,
  PRIMARY KEY (`idDispensadores`),
  UNIQUE KEY `idDispensadores_UNIQUE` (`idDispensadores`),
  KEY `fk_dispensadores_tiposDispensadores1_idx` (`idTipoDispensador`),
  KEY `fk_dispensadores_faenas1_idx` (`idFaenaUbicacion`),
  CONSTRAINT `fk_dispensadores_faenas1` FOREIGN KEY (`idFaenaUbicacion`) REFERENCES `faenas` (`idFaena`) ON DELETE NO ACTION ON UPDATE NO ACTION,
  CONSTRAINT `fk_dispensadores_tiposDispensadores1` FOREIGN KEY (`idTipoDispensador`) REFERENCES `tiposdispensadores` (`idTiposDispensadores`) ON DELETE NO ACTION ON UPDATE NO ACTION
) ENGINE=InnoDB DEFAULT CHARSET=latin1;
/*!40101 SET character_set_client = @saved_cs_client */;

--
-- Dumping data for table `dispensadores`
--

LOCK TABLES `dispensadores` WRITE;
/*!40000 ALTER TABLE `dispensadores` DISABLE KEYS */;
INSERT INTO `dispensadores` VALUES (1,8,'Dispensador Planta',30000,1,0,0,0,0,1,1,'0000-00-00 00:00:00');
/*!40000 ALTER TABLE `dispensadores` ENABLE KEYS */;
UNLOCK TABLES;

--
-- Table structure for table `dispensadoresfaenas`
--

DROP TABLE IF EXISTS `dispensadoresfaenas`;
/*!40101 SET @saved_cs_client     = @@character_set_client */;
/*!40101 SET character_set_client = utf8 */;
CREATE TABLE `dispensadoresfaenas` (
  `idDispensadoresFaenas` int(11) NOT NULL,
  `idDispensadores` int(11) DEFAULT NULL,
  `idFaenas` int(11) DEFAULT NULL,
  `creadoPor` int(11) DEFAULT NULL,
  `creadoAt` datetime DEFAULT NULL,
  PRIMARY KEY (`idDispensadoresFaenas`),
  UNIQUE KEY `idDispensadoresFaenas_UNIQUE` (`idDispensadoresFaenas`),
  KEY `fk_dispensadoresFaenas_dispensadores1_idx` (`idDispensadores`),
  KEY `fk_dispensadoresFaenas_faenas1_idx` (`idFaenas`),
  CONSTRAINT `fk_dispensadoresFaenas_dispensadores1` FOREIGN KEY (`idDispensadores`) REFERENCES `dispensadores` (`idDispensadores`) ON DELETE NO ACTION ON UPDATE NO ACTION,
  CONSTRAINT `fk_dispensadoresFaenas_faenas1` FOREIGN KEY (`idFaenas`) REFERENCES `faenas` (`idFaena`) ON DELETE NO ACTION ON UPDATE NO ACTION
) ENGINE=InnoDB DEFAULT CHARSET=latin1;
/*!40101 SET character_set_client = @saved_cs_client */;

--
-- Dumping data for table `dispensadoresfaenas`
--

LOCK TABLES `dispensadoresfaenas` WRITE;
/*!40000 ALTER TABLE `dispensadoresfaenas` DISABLE KEYS */;
/*!40000 ALTER TABLE `dispensadoresfaenas` ENABLE KEYS */;
UNLOCK TABLES;

--
-- Table structure for table `empresas`
--

DROP TABLE IF EXISTS `empresas`;
/*!40101 SET @saved_cs_client     = @@character_set_client */;
/*!40101 SET character_set_client = utf8 */;
CREATE TABLE `empresas` (
  `idEmpresa` int(11) NOT NULL,
  `idRegiones` int(11) DEFAULT NULL,
  `nombre` varchar(45) DEFAULT NULL,
  `rut` varchar(45) DEFAULT NULL,
  `comuna` varchar(45) DEFAULT NULL,
  `direccion` varchar(45) DEFAULT NULL,
  `creadoPor` int(11) DEFAULT NULL,
  `creadoAt` datetime DEFAULT NULL,
  PRIMARY KEY (`idEmpresa`),
  KEY `fk_empresas_region1_idx` (`idRegiones`),
  CONSTRAINT `fk_empresas_region1` FOREIGN KEY (`idRegiones`) REFERENCES `regiones` (`idRegion`) ON DELETE NO ACTION ON UPDATE NO ACTION
) ENGINE=InnoDB DEFAULT CHARSET=latin1;
/*!40101 SET character_set_client = @saved_cs_client */;

--
-- Dumping data for table `empresas`
--

LOCK TABLES `empresas` WRITE;
/*!40000 ALTER TABLE `empresas` DISABLE KEYS */;
INSERT INTO `empresas` VALUES (1,8,'Celulosa Arauco. Planta Nueva Aldea','1-9','Nueva Aldea','Ruta Itata, Km. 21, Nueva aldea.',1,'2015-08-17 00:00:00'),(2,8,'CMPC Maderas. Bucalemu','1-9','Los Angeles','Camino a Laja km 2,5. Los Angeles',1,'2015-08-17 00:00:00'),(3,8,'Celulosa Arauco. Planta Horcones','1-9','Arauco','Los Horcones s/n, Arauco',1,'2015-08-17 00:00:00'),(4,8,'CMPC Celulosa. Planta Santa Fe','1-9','Nacimiento','Av. Julio Hemmelman 198, Nacimiento',1,'2015-08-17 00:00:00'),(5,7,'Celulosa Arauco. Constitución S.A','1-9','Constitución','Avda. Mac Iver 505, Constitución',1,'2015-08-17 00:00:00'),(6,8,'Serfocol','1-9','Concepción','Callejón Puchacay #286, Sector Collao.',1,'2015-08-17 00:00:00');
/*!40000 ALTER TABLE `empresas` ENABLE KEYS */;
UNLOCK TABLES;

--
-- Table structure for table `enterprise`
--

DROP TABLE IF EXISTS `enterprise`;
/*!40101 SET @saved_cs_client     = @@character_set_client */;
/*!40101 SET character_set_client = utf8 */;
CREATE TABLE `enterprise` (
  `id` int(11) NOT NULL AUTO_INCREMENT,
  `region_id` int(11) NOT NULL,
  `name` varchar(45) DEFAULT NULL,
  `rut` varchar(45) DEFAULT NULL,
  `commune` varchar(45) DEFAULT NULL,
  `address` varchar(45) DEFAULT NULL,
  `created_by` varchar(45) DEFAULT NULL,
  `created_at` varchar(45) DEFAULT NULL,
  PRIMARY KEY (`id`),
  UNIQUE KEY `id_UNIQUE` (`id`),
  KEY `region_id_idx` (`region_id`),
  CONSTRAINT `region_id` FOREIGN KEY (`region_id`) REFERENCES `region` (`id`) ON DELETE NO ACTION ON UPDATE NO ACTION
) ENGINE=InnoDB AUTO_INCREMENT=7 DEFAULT CHARSET=utf8;
/*!40101 SET character_set_client = @saved_cs_client */;

--
-- Dumping data for table `enterprise`
--

LOCK TABLES `enterprise` WRITE;
/*!40000 ALTER TABLE `enterprise` DISABLE KEYS */;
INSERT INTO `enterprise` VALUES (1,8,'Celulosa Arauco. Planta Nueva Aldea ','1-9','Nueva Aldea','Ruta Itata, Km. 21, Nueva aldea.','1','2015-09-08 14:43:29'),(2,8,'CMPC Maderas. Bucalemu','1-9','Los Angeles','Camino a Laja km 2,5. Los Angeles.','1','2015-09-08 14:43:29'),(3,8,'Celulosa Arauco. Planta Horcones','1-9','Arauco','Los Horcones s/n, Arauco.','1','2015-09-08 14:43:29'),(4,8,'CMPC Celulosa. Planta Santa Fe','1-9','Nacimiento','Av. Julio Hemmelman 198, Nacimiento.','1','2015-09-08 14:43:29'),(5,8,'Celulosa Arauco. Constitución S.A','1-9','Constitución','Avda. Mac Iver 505, Constitución.','1','2015-09-08 14:43:29'),(6,8,'Serfocol','1-9','Concepción','Callejón Puchacay #286, Sector Collao.','1','2015-09-08 14:43:31');
/*!40000 ALTER TABLE `enterprise` ENABLE KEYS */;
UNLOCK TABLES;

--
-- Table structure for table `enterprise_user`
--

DROP TABLE IF EXISTS `enterprise_user`;
/*!40101 SET @saved_cs_client     = @@character_set_client */;
/*!40101 SET character_set_client = utf8 */;
CREATE TABLE `enterprise_user` (
  `enterprise_id` int(10) unsigned NOT NULL,
  `user_id` int(10) unsigned NOT NULL
) ENGINE=MyISAM DEFAULT CHARSET=utf8 COLLATE=utf8_unicode_ci;
/*!40101 SET character_set_client = @saved_cs_client */;

--
-- Dumping data for table `enterprise_user`
--

LOCK TABLES `enterprise_user` WRITE;
/*!40000 ALTER TABLE `enterprise_user` DISABLE KEYS */;
INSERT INTO `enterprise_user` VALUES (6,1);
/*!40000 ALTER TABLE `enterprise_user` ENABLE KEYS */;
UNLOCK TABLES;

--
-- Table structure for table `equipment`
--

DROP TABLE IF EXISTS `equipment`;
/*!40101 SET @saved_cs_client     = @@character_set_client */;
/*!40101 SET character_set_client = utf8 */;
CREATE TABLE `equipment` (
  `id` int(11) NOT NULL AUTO_INCREMENT,
  `operation_id` int(11) NOT NULL,
  `category_id` int(11) NOT NULL,
  `type_id` int(11) NOT NULL,
  `brand_id` int(11) NOT NULL,
  `model_id` int(11) NOT NULL,
  `owner_id` int(11) NOT NULL,
  `status_id` int(11) NOT NULL,
  `type_identification_id` int(11) NOT NULL,
  `fuel_tank_capacity` int(11) DEFAULT NULL,
  `cc` varchar(45) NOT NULL,
  `patent` varchar(45) NOT NULL,
  `serial_number` varchar(45) DEFAULT NULL,
  `engine` varchar(45) DEFAULT NULL,
  `year` int(11) DEFAULT NULL,
  `lease` int(11) NOT NULL,
  `active` int(11) NOT NULL,
  `fuel` int(11) NOT NULL,
  `dispenser` int(11) NOT NULL,
  `created_by` int(11) NOT NULL,
  `created_at` datetime NOT NULL,
  PRIMARY KEY (`id`),
  UNIQUE KEY `id_UNIQUE` (`id`),
  KEY `category_id_idx` (`category_id`),
  KEY `type_id_idx` (`type_id`),
  KEY `brand_id_idx` (`brand_id`),
  KEY `model_id_idx` (`model_id`),
  KEY `owner_id_idx` (`owner_id`),
  KEY `status_id_idx` (`status_id`),
  KEY `type_identification_id_idx` (`type_identification_id`),
  KEY `operation_id_idx` (`operation_id`),
  CONSTRAINT `brand_id` FOREIGN KEY (`brand_id`) REFERENCES `brand` (`id`) ON DELETE NO ACTION ON UPDATE NO ACTION,
  CONSTRAINT `equipment_category_id` FOREIGN KEY (`category_id`) REFERENCES `category` (`id`) ON DELETE NO ACTION ON UPDATE NO ACTION,
  CONSTRAINT `equipment_operation_id` FOREIGN KEY (`operation_id`) REFERENCES `operation` (`id`) ON DELETE NO ACTION ON UPDATE NO ACTION,
  CONSTRAINT `model_id` FOREIGN KEY (`model_id`) REFERENCES `model` (`id`) ON DELETE NO ACTION ON UPDATE NO ACTION,
  CONSTRAINT `owner_id` FOREIGN KEY (`owner_id`) REFERENCES `owner` (`id`) ON DELETE NO ACTION ON UPDATE NO ACTION,
  CONSTRAINT `status_id` FOREIGN KEY (`status_id`) REFERENCES `status_equipment` (`id`) ON DELETE NO ACTION ON UPDATE NO ACTION,
  CONSTRAINT `type_id` FOREIGN KEY (`type_id`) REFERENCES `type` (`id`) ON DELETE NO ACTION ON UPDATE NO ACTION,
  CONSTRAINT `type_identification_id` FOREIGN KEY (`type_identification_id`) REFERENCES `type_identification` (`id`) ON DELETE NO ACTION ON UPDATE NO ACTION
) ENGINE=InnoDB AUTO_INCREMENT=154 DEFAULT CHARSET=utf8;
/*!40101 SET character_set_client = @saved_cs_client */;

--
-- Dumping data for table `equipment`
--

LOCK TABLES `equipment` WRITE;
/*!40000 ALTER TABLE `equipment` DISABLE KEYS */;
INSERT INTO `equipment` VALUES (1,6,7,3,8,22,1,1,1,150,'6004','XL2274-4','9BFV2UHG23BB22238','30658986',2004,0,1,1,1,1,'2015-09-14 20:47:30'),(2,8,7,3,8,22,1,1,1,150,'6008','WR7116-2','9BFV2UHG06BB72981','30218828',2007,0,1,1,1,1,'2015-09-14 20:47:30'),(3,10,4,5,31,84,1,1,1,0,'3000','BZPJ96-4','L70B V-10933','98230',1995,0,1,1,0,1,'2015-09-14 20:47:30'),(4,8,6,14,28,72,1,1,1,0,'5000','JA2468-9','TMI9431','N/A',1995,0,1,1,0,1,'2015-09-14 20:47:30'),(5,9,5,16,17,42,1,1,1,172,'4002','BZPJ49-2','CQ6605A018908','J060687001413',2003,0,1,1,0,1,'2015-09-14 20:47:30'),(6,9,5,16,8,23,1,1,1,75,'4000','HF1940-K','B-R1867-9K8','236023',1973,0,1,1,0,1,'2015-09-14 20:47:30'),(7,10,8,1,1,1,1,1,4,0,'7004','BAR001','N/A','N/A',2000,0,1,1,0,1,'2015-09-14 20:47:30'),(8,9,5,16,17,42,1,1,1,172,'4003','BZPJ48-4','CQ6605A018546','J06068T001273',2003,0,1,1,0,1,'2015-09-14 20:47:30'),(9,13,7,12,23,60,1,1,1,80,'6009','ZH4174-2','8AC9036727A951618','61198170051212',2007,0,1,1,0,1,'2015-09-14 20:47:30'),(10,13,3,10,13,34,1,1,1,50,'2000','VZ2256-K','K005V03402Z','AR70455U240873J',2003,0,1,1,0,1,'2015-09-14 20:47:30'),(11,15,4,5,31,81,1,1,1,370,'3004','XB9018-K','5672','348012',2003,0,1,1,0,1,'2015-09-14 20:47:30'),(12,13,3,10,13,34,1,1,1,50,'2001','VZ2111-3','K005V03460Z','AR70455U253142J',2003,0,1,1,0,1,'2015-09-14 20:47:30'),(13,11,7,3,8,21,1,1,1,275,'6006','YT1681-1','9BFZ2UMT24BB38896','30513602',2005,0,1,1,0,1,'2015-09-14 20:47:30'),(14,6,6,6,11,31,1,1,1,0,'5001','UKZ456-6','S/N','N/A',1997,0,1,1,0,1,'2015-09-14 20:47:30'),(15,8,6,6,11,31,1,1,1,0,'5005','UYX346-6','N/A','N/A',2004,0,1,1,0,1,'2015-09-14 20:47:30'),(16,13,6,6,29,73,1,1,1,0,'5003','UVA262-2','SN','N/A',2000,0,1,1,0,1,'2015-09-14 20:47:31'),(17,16,4,5,6,13,1,1,1,295,'3009','YK4197-7','BAA00306','BMA04679',2005,0,1,1,0,1,'2015-09-14 20:47:31'),(18,3,7,4,24,63,1,1,1,75,'6011','CPHD97-2','JN1CPGD22Z0020704','YD25282179A',2010,0,1,1,0,1,'2015-09-14 20:47:31'),(19,18,7,4,24,63,1,1,1,75,'6012','CPHD96-4','JN1CPGD22Z0020674','YD25281931A',2010,0,1,1,0,1,'2015-09-14 20:47:31'),(20,13,7,3,15,37,1,1,1,600,'6000','SZ9077-0','2HSEMAHR4WC062937','34897471',1999,0,1,1,0,1,'2015-09-14 20:47:31'),(21,13,7,4,24,63,1,1,1,75,'6013','CRZB13-4','JN1CPGD22Z0021011','YB25285597A',2010,0,1,1,0,1,'2015-09-14 20:47:31'),(22,6,7,4,24,63,1,1,1,75,'6014','CRZB12-6','JN1CPGD22ZOO20952','YD25284718A',2010,0,1,1,0,1,'2015-09-14 20:47:31'),(23,24,7,4,30,75,1,1,1,80,'6016','CVDW26-9','WV1ZZZ2HZB8021014','CDC022168',2011,0,1,1,0,1,'2015-09-14 20:47:31'),(24,24,7,4,30,76,1,1,1,80,'6017','CYDG97-5','WV1ZZZ2HZB8035807','CDC036459',2011,0,1,1,0,1,'2015-09-14 20:47:31'),(25,6,7,3,12,32,1,1,1,170,'6015','CPHK39-7','JHFUT13H9AKOO2261','N04CTR20465',2010,0,1,1,0,1,'2015-09-14 20:47:31'),(26,6,5,16,17,43,1,1,1,172,'4004','WR8775-1','CQ6615A060224','J06068T415740',2006,0,1,1,0,1,'2015-09-14 20:47:31'),(27,6,5,16,17,43,1,1,1,172,'4005','WR8777-8','CQ6615A060069','J06068T418558',2007,0,1,1,0,1,'2015-09-14 20:47:31'),(28,6,5,16,17,43,1,1,1,172,'4006','WR8776-K','CQ6615A060029','J06068T415597',2007,0,1,1,0,1,'2015-09-14 20:47:31'),(29,6,5,16,17,43,1,1,1,172,'4007','WR8785-9','CQ6615A037529','J06068T415467',2007,0,1,1,0,1,'2015-09-14 20:47:31'),(30,8,7,4,24,66,1,1,1,75,'6018','DGWF64-9','JN1CPGD22Z0022687','YD25299099A',2011,0,1,1,0,1,'2015-09-14 20:47:31'),(31,6,1,8,19,47,1,1,1,605,'1007','BLTD94-4','55917','26854491',2008,0,1,1,0,1,'2015-09-14 20:47:31'),(32,8,1,9,6,16,1,1,1,386,'1016','BWHS49-6','W2T00404','C6E16735',2009,0,1,1,0,1,'2015-09-14 20:47:31'),(33,6,1,9,6,16,1,1,1,386,'1017','BYYW53-3','W2T00417','C6E17858',2009,0,1,1,0,1,'2015-09-14 20:47:31'),(34,13,6,2,32,88,1,1,1,0,'5021','JG4155-1','1W8A11E37BS000201','N/A',2011,0,1,1,0,1,'2015-09-14 20:47:31'),(35,6,7,3,16,38,1,1,1,70,'6001','CSJL77-5','ZCFC5980105201413','LI030200077158Z391',1999,0,1,1,0,1,'2015-09-14 20:47:31'),(36,14,1,9,20,50,1,1,1,350,'1001','UK2499-6','666-7345','2000-01-3973',2000,0,1,1,0,1,'2015-09-14 20:47:31'),(37,4,4,5,31,86,1,1,1,205,'3005','XV1226-K','L90EV70851','881601',2004,0,1,1,0,1,'2015-09-14 20:47:31'),(38,18,4,5,31,86,1,1,1,205,'3006','XV1227-8','L90EV70849','88178',2004,0,1,1,0,1,'2015-09-14 20:47:31'),(39,3,4,5,31,83,1,1,1,197,'3007','XY4604-8','L60EV70141','912764',2004,0,1,1,0,1,'2015-09-14 20:47:31'),(40,4,4,5,31,86,1,1,1,205,'3008','XV1225-1','70858','889758',2004,0,1,1,0,1,'2015-09-14 20:47:31'),(41,9,5,16,17,40,1,1,1,172,'4011','DYRV37-K','LO6920K482602','CD6068G046857',2012,0,1,1,0,1,'2015-09-14 20:47:31'),(42,24,7,4,24,62,1,1,1,75,'6019','FDCD20-3','3N6PD23S0ZK914375','YD25416914T',2013,0,1,1,0,1,'2015-09-14 20:47:31'),(43,6,5,16,17,41,1,1,1,200,'4001','ZJ7253-1','RW7700H006751','RG6076T531303',1995,0,1,1,0,1,'2015-09-14 20:47:31'),(44,6,7,3,8,22,1,1,1,500,'6007','ZX7209-K','9BFV2UHGX6BB65651','30214939',2006,0,1,1,1,1,'2015-09-14 20:47:31'),(45,10,7,4,24,65,1,1,1,70,'6020','FPDP94-K','3N6PD23TXDK027422','YD25399250T',2013,0,1,1,0,1,'2015-09-14 20:47:31'),(46,6,4,5,19,48,1,1,1,245,'3011','BSFB41-3','70149','26523486',2008,0,1,1,0,1,'2015-09-14 20:47:31'),(47,8,7,4,24,62,1,1,1,75,'6021','FVHW27-0','3N6PD23S9DK069583','YD25433683T',2013,0,1,1,0,1,'2015-09-14 20:47:31'),(48,11,7,4,24,64,1,1,1,75,'6022','FVTB65-0','3N6PD23W1DK064431','YD25434191T',2013,0,1,1,0,1,'2015-09-14 20:47:31'),(49,8,5,16,5,8,1,1,1,350,'4012','FFVX49-8','ZDBL10322','1105229',2013,0,1,1,0,1,'2015-09-14 20:47:31'),(50,8,5,16,5,8,1,1,1,350,'4013','FFVX50-1','ZDBL10375','1102661',2013,0,1,1,0,1,'2015-09-14 20:47:31'),(51,13,1,9,20,50,1,1,1,350,'1002','VZ8274-0','14329 710','2002-01-2763',2002,0,1,1,0,1,'2015-09-14 20:47:31'),(52,8,1,9,20,52,1,1,1,580,'1003','CLZG30-1','WLHZLZK028471/957284471','2005017064',2006,0,1,1,0,1,'2015-09-14 20:47:31'),(53,15,4,5,31,82,1,1,1,335,'3012','BKZR76-2','L180FV11211','628715',2008,0,1,1,0,1,'2015-09-14 20:47:31'),(54,8,1,9,20,50,1,1,1,350,'1008','BPFV17-2','WLHZ0710HZK039503','2007017226',2008,0,1,1,0,1,'2015-09-14 20:47:31'),(55,9,1,9,20,50,1,1,1,350,'1009','BPFV18-0','WLHZ0710CZK39897','2007018328',2008,0,1,1,0,1,'2015-09-14 20:47:31'),(56,8,1,9,20,50,1,1,1,350,'1010','BHGD16-4','35578/WLHZ0710HZK035578','2007012560',2008,0,1,1,0,1,'2015-09-14 20:47:31'),(57,8,1,9,20,50,1,1,1,350,'1004','BHGD17-2','33742/WLHZ0710K033742','200617348',2007,0,1,1,0,1,'2015-09-14 20:47:31'),(58,8,1,9,20,50,1,1,1,350,'1005','BHGD15-6','WLHZ0710CZK032724','2006016467',2007,0,1,1,0,1,'2015-09-14 20:47:31'),(59,8,1,9,20,50,1,1,1,350,'1011','BHDW11-1','WLHZ0710VZK038315','2007015618',2008,0,1,1,0,1,'2015-09-14 20:47:31'),(60,9,1,9,20,50,1,1,1,350,'1006','BHDW10-3','WLHZ0710AZK038316','20070113656',2007,0,1,1,0,1,'2015-09-14 20:47:31'),(61,6,5,16,17,39,1,1,1,172,'4008','BKWH56-7','CQ6615A070463','J06068T416428',2008,0,1,1,0,1,'2015-09-14 20:47:31'),(62,6,5,16,17,39,1,1,1,172,'4009','BKWH55-9','CQ6615A070456','JO6068T416442',2008,0,1,1,0,1,'2015-09-14 20:47:31'),(63,6,5,16,17,39,1,1,1,172,'4010','BKWH57-5','CQ6615A070516','J06068T416425',2008,0,1,1,0,1,'2015-09-14 20:47:31'),(64,6,6,14,10,26,1,1,1,0,'5016','JJ6725-2','16533','17234',2008,0,1,1,0,1,'2015-09-14 20:47:31'),(65,6,6,14,10,26,1,1,1,0,'5017','JJ6724-4','16534','17235',2008,0,1,1,0,1,'2015-09-14 20:47:31'),(66,8,6,14,10,26,1,1,1,0,'5018','JJ6723-6','16532','17236',2008,0,1,1,0,1,'2015-09-14 20:47:31'),(67,8,1,9,6,12,1,1,4,0,'1012','CAT569','PR63539','Eléctrica',2008,0,1,1,0,1,'2015-09-14 20:47:31'),(68,6,6,15,25,68,1,1,1,0,'5008','JG3079-7','9ADT100277M250444','N/A',2007,0,1,1,0,1,'2015-09-14 20:47:31'),(69,6,6,15,25,67,1,1,1,0,'5009','JG3078-9','9ADT100277M250443','N/A',2007,0,1,1,0,1,'2015-09-14 20:47:31'),(70,10,3,10,13,35,1,1,1,74,'2002','BSYD26-4','H006V02448F','46851223',2008,0,1,1,0,1,'2015-09-14 20:47:31'),(71,10,3,10,21,58,1,1,1,70,'2003','BWLR55-0','E1X353W01056','10641474',2008,0,1,1,0,1,'2015-09-14 20:47:31'),(72,10,3,10,13,33,1,1,1,0,'2004','BTHY63-4','N005V04675F','WO80650197',2008,0,1,1,0,1,'2015-09-14 20:47:32'),(73,10,3,10,13,33,1,1,1,0,'2005','BTHY64-2','N005V04671F','W080650235',2008,0,1,1,0,1,'2015-09-14 20:47:32'),(74,10,4,5,31,79,1,1,1,335,'3013','BSDS52-6','VCEL150FC00013632','633614',2008,0,1,1,0,1,'2015-09-14 20:47:32'),(75,10,7,3,8,20,1,1,1,150,'6010','BSDY10-2','9BFZCEEX18BB05432','36013747',2008,0,1,1,0,1,'2015-09-14 20:47:32'),(76,10,4,5,31,79,1,1,1,335,'3014','BSDS51-8','VCEL150FA00013642','633846',2008,0,1,1,0,1,'2015-09-14 20:47:32'),(77,10,4,5,31,87,1,1,1,205,'3015','BSDS50-K','VCE0L90FJ00071587','10565981',2008,0,1,1,0,1,'2015-09-14 20:47:32'),(78,10,4,5,31,87,1,1,1,205,'3016','BSDS55-0','VCE0L90FH00071595','10579621',2008,0,1,1,0,1,'2015-09-14 20:47:32'),(79,4,4,5,31,78,1,1,1,269,'3017','BSDS54-2','VCEL120FP00071760','10559742',2008,0,1,1,0,1,'2015-09-14 20:47:32'),(80,10,4,5,31,78,1,1,1,269,'3018','BSDS53-4','VCEL120FA00071765','10569704',2008,0,1,1,0,1,'2015-09-14 20:47:32'),(81,4,4,5,20,57,1,1,1,300,'3021','CHRJ44-2','21038/VATZ0456CZB021038','2008030869',2009,0,1,1,0,1,'2015-09-14 20:47:32'),(82,11,2,11,3,4,1,1,1,454,'1900','CKYF52-6','10729523683','46763788',2011,0,1,1,0,1,'2015-09-14 20:47:32'),(83,6,1,9,6,18,1,1,1,310,'1020','CPWK51-6','EDF02001','KHX23956',2011,0,1,1,0,1,'2015-09-14 20:47:32'),(84,8,4,5,20,51,1,1,1,350,'3019','BRCX71-8','39893','2007038145',2008,0,1,1,0,1,'2015-09-14 20:47:32'),(85,6,1,9,20,49,1,1,1,400,'1018','DFKX12-1','WLHZ1049JZK045597','2008037071',2009,0,1,1,0,1,'2015-09-14 20:47:32'),(86,4,4,5,20,57,1,1,1,300,'3010','CLZG32-8','VATZ20456CZB017899','2007030766',2007,0,1,1,0,1,'2015-09-14 20:47:32'),(87,12,4,5,31,78,1,1,1,269,'3023','DLFZ35-4','VCEL120FV00072199','11062617',2012,0,1,1,0,1,'2015-09-14 20:47:32'),(88,3,4,5,31,78,1,1,1,269,'3024','DLFZ36-2','VCEL120FT00072180','11038641',2012,0,1,1,0,1,'2015-09-14 20:47:32'),(89,6,1,9,20,56,1,1,1,580,'1022','FHKJ42-6','WLHZ1006AZK059029','2011031775',2012,0,1,1,0,1,'2015-09-14 20:47:32'),(90,15,4,5,6,15,1,1,1,0,'3025','DVCT98-1','M3G00589','KHX46269',2012,0,1,1,0,1,'2015-09-14 20:47:32'),(91,6,1,9,20,54,1,1,1,0,'1021','DBSP45-2','WLHZ1049PZK043362','2008034914',2011,0,1,1,0,1,'2015-09-14 20:47:32'),(92,14,1,9,6,16,1,1,1,295,'1024','FGDH31-2','D3X00208','C6E39980',2013,0,1,1,0,1,'2015-09-14 20:47:32'),(93,17,4,5,31,87,1,1,1,200,'3026','FKRY35-6','VCE0L90VF00072225','11339040',2013,0,1,1,0,1,'2015-09-14 20:47:32'),(94,6,1,9,20,55,1,1,1,300,'1023','FTDG92-3','WLHZ1049AZK054921','2011030266',2012,0,1,1,0,1,'2015-09-14 20:47:32'),(95,9,1,9,6,17,1,1,1,300,'1025','FRRR82-2','D3X00341','C6E52288',2013,0,1,1,0,1,'2015-09-14 20:47:32'),(96,4,4,5,31,78,1,1,1,205,'3027','FYVX13-5','VCEL120FC00072548','11460960',2013,0,1,1,0,1,'2015-09-14 20:47:32'),(97,12,4,5,31,78,3,1,1,205,'3031','FYKC45-8','VCEL120FK00072523','11439860',2014,0,1,1,0,1,'2015-09-14 20:47:32'),(98,16,4,5,6,14,3,1,1,0,'3028','FFTG88-0','M1G03237','KHX44836',2013,0,1,1,0,1,'2015-09-14 20:47:32'),(99,9,1,9,3,3,2,1,1,500,'1000','NL5675-1','20619','T060687495',1995,0,1,1,0,1,'2015-09-14 20:47:32'),(100,9,6,14,10,29,2,1,1,0,'5019','JH7733-K','16724','N/A',2008,0,1,1,0,1,'2015-09-14 20:47:32'),(101,9,6,14,10,29,2,1,1,0,'5020','JH7734-8','16725','N/A',2008,0,1,1,0,1,'2015-09-14 20:47:32'),(102,9,6,15,27,70,2,1,1,0,'5002','JA8371-5','N/A','N/A',1997,0,1,1,0,1,'2015-09-14 20:47:32'),(103,15,4,5,31,77,2,1,1,255,'3029','TU6198-9','13437','121764',2013,0,1,1,0,1,'2015-09-14 20:47:32'),(104,3,4,5,31,85,2,1,1,210,'3002','UZ7448-7','70573','173679',2002,0,1,1,0,1,'2015-09-14 20:47:32'),(105,3,6,6,7,19,2,1,1,0,'5007','UVC241-5','1ZJBE14116M038551','N/A',2006,0,1,1,0,1,'2015-09-14 20:47:32'),(106,8,7,3,9,24,2,1,1,302,'6003','UP5535-4','3ALHAEA861DJ45509','35031033',2001,0,1,1,0,1,'2015-09-14 20:47:32'),(107,8,6,14,4,5,2,1,1,0,'5004','JA1614-7','N/A','N/A',2002,0,1,1,0,1,'2015-09-14 20:47:32'),(108,8,7,3,9,25,2,1,1,302,'6005','XJ4013-3','3ALHAEA814DM79659','35084335',2004,0,1,1,0,1,'2015-09-14 20:47:32'),(109,8,6,14,28,71,2,1,1,0,'5006','JC5356-4','1580','N/A',2004,0,1,1,0,1,'2015-09-14 20:47:32'),(110,10,4,13,6,10,2,1,1,90,'3020','BPRP10-2','HEN08413','CYM02180',2008,0,1,1,0,1,'2015-09-14 20:47:32'),(111,10,3,10,13,35,2,1,1,74,'2006','BGVP94-2','H006V01561E','46748350',2008,0,1,1,0,1,'2015-09-14 20:47:32'),(112,10,4,5,31,77,2,1,1,255,'3001','TV1042-4','13575','123913',2000,0,1,1,0,1,'2015-09-14 20:47:32'),(113,13,1,9,6,16,2,1,1,386,'1013','BRDV37-0','WS2S00245','C6E04544',2008,0,1,1,0,1,'2015-09-14 20:47:32'),(114,6,6,14,10,30,2,1,1,0,'5010','JH2547-K','15818','N/A',2007,0,1,1,0,1,'2015-09-14 20:47:32'),(115,6,6,14,10,27,2,1,1,0,'5011','JH2548-8','15819','N/A',2007,0,1,1,0,1,'2015-09-14 20:47:32'),(116,6,6,14,10,27,2,1,1,0,'5012','JH2549-6','15820','N/A',2007,0,1,1,0,1,'2015-09-14 20:47:32'),(117,6,6,14,10,27,2,1,1,0,'5013','JH2550-K','15816','N/A',2007,0,1,1,0,1,'2015-09-14 20:47:32'),(118,6,6,14,10,27,2,1,1,0,'5014','JH2551-8','15817','N/A',2007,0,1,1,0,1,'2015-09-14 20:47:32'),(119,6,1,8,6,11,2,1,1,400,'1014','BRDV38-9','SBN02417','MAE16816',2008,0,1,1,0,1,'2015-09-14 20:47:32'),(120,6,1,8,19,46,2,1,1,605,'1015','BVVX96-3','60670','26856097',2008,0,1,1,0,1,'2015-09-14 20:47:32'),(121,6,1,9,6,16,2,1,1,386,'1019','CCLB66-5','W2T00416','C6E17856',2010,0,1,1,0,1,'2015-09-14 20:47:32'),(122,6,8,7,2,2,2,1,4,32,'7000','XAS97','N/A','N/A',2009,0,1,1,0,1,'2015-09-14 20:47:32'),(123,6,8,7,18,45,1,1,4,0,'7001','COMM57','0','0',0,0,1,1,0,1,'2015-09-14 20:47:32'),(124,15,4,5,31,80,1,1,1,205,'3030','GDXH79-3','VCEL150GC00018846','381844',2013,0,1,1,0,1,'2015-09-14 20:47:33'),(125,8,8,7,34,94,2,1,4,0,'7002','COMF1E-1','0','0',0,0,1,1,0,1,'2015-09-14 20:47:33'),(126,6,8,7,18,45,2,1,4,0,'7003','COMM57-2','0','0',2015,0,1,1,0,1,'2015-09-14 20:47:33'),(127,6,7,4,24,61,1,1,1,90,'6023','GCCR99-0','3N6PD23S7DK087001','YD25602145P',2014,0,1,1,0,1,'2015-09-14 20:47:33'),(128,24,7,4,30,74,1,1,1,80,'6024','GGJG56-7','WV1ZZZ2HZDA064143','CNE044931',2014,0,1,1,0,1,'2015-09-14 20:47:33'),(129,6,5,16,5,9,1,1,1,350,'4014','GKVJ67-8','ZEBH01284','1162740',2014,0,1,1,0,1,'2015-09-14 20:47:33'),(130,24,7,4,30,74,1,1,1,80,'6025','GWSD96-6','WV1ZZZ2HZFA007660','CSH 100132',2015,0,1,1,0,1,'2015-09-14 20:47:33'),(131,18,4,5,6,14,1,1,1,0,'3032','GKYC45-1','JLX00230','KHX50163',2014,0,1,1,0,1,'2015-09-14 20:47:33'),(132,14,6,14,10,28,1,1,1,0,'5015','JJ2382-4','16362','N/A',2007,0,1,1,0,1,'2015-09-14 20:47:33'),(133,6,6,15,26,69,2,1,1,0,'5022','JN4730-1','634','N/A',2014,0,1,1,0,1,'2015-09-14 20:47:33'),(134,24,7,4,14,36,1,1,1,0,'6026','HBPS50-2','KMFZCX7KAFU156024','D4CBE631217',2015,0,1,1,0,1,'2015-09-14 20:47:33'),(135,6,5,16,17,44,2,1,1,1,'4015','GZXS25-2','0','0',2015,0,1,1,0,1,'2015-09-14 20:47:33'),(136,6,6,14,4,6,1,1,1,0,'5023','JN8060-0','00C1676','0',2015,0,1,1,0,1,'2015-09-14 20:47:33'),(137,6,6,15,4,7,1,1,1,0,'5024','JN8059-7','00C1679','0',2015,0,1,1,0,1,'2015-09-14 20:47:33'),(138,5,4,5,6,89,1,1,1,0,'3035','HDZX66-2','HFW00300','45000565',2015,0,1,1,0,1,'2015-09-14 20:47:33'),(139,5,4,5,6,89,1,1,1,0,'3036','HDZX67-0','HFW00297','45000607',2015,0,1,1,0,1,'2015-09-14 20:47:33'),(140,5,4,5,6,89,1,1,1,0,'3037','HDZX72-7','HFW00301','45000546',2015,0,1,1,0,1,'2015-09-14 20:47:33'),(141,10,4,5,17,92,1,1,1,0,'3038','HCCW65-5','1DW724KZDD654336','RG6090L116358',2015,0,1,1,0,1,'2015-09-14 20:47:33'),(142,10,4,5,31,80,1,1,1,0,'3039','HDLX81-6','VCEL150GPE0019109','497974',2015,0,1,1,0,1,'2015-09-14 20:47:33'),(143,8,4,5,31,78,1,1,1,0,'3040','HFVT56-9','VCEL120FL00072660','11615639',2015,0,1,1,0,1,'2015-09-14 20:47:33'),(144,2,4,5,31,87,1,1,1,0,'3033','HFTV57-7','VCE0L90FTF0072517','11728238',2014,0,1,1,0,1,'2015-09-14 20:47:33'),(145,5,7,18,33,93,1,1,1,0,'6027','HFPC19-4','0','0',2015,0,1,1,0,1,'2015-09-14 20:47:33'),(146,4,4,5,20,90,1,1,1,0,'3034','GJHJ32-6','VATZ0435CZB022037','2008033394',2014,0,1,1,0,1,'2015-09-14 20:47:33'),(147,4,4,5,31,78,1,1,1,0,'3041','HHLZ92-8','VCEL120FKF0072725','11756061',2015,0,1,1,0,1,'2015-09-14 20:47:33'),(148,4,4,5,31,78,1,1,1,0,'3042','L120FN3','VCEL120FCFOC72727','11757198',2015,0,1,1,0,1,'2015-09-14 20:47:33'),(149,3,4,17,19,91,1,1,1,0,'3022','DBVZ66-3','80542','26861124',2011,0,1,1,0,1,'2015-09-14 20:47:33'),(150,7,5,16,17,44,1,1,1,0,'4016','HJGR76-4','1BM7210JHEH001104','J06068H697159',2015,0,1,1,0,1,'2015-09-14 20:47:33'),(151,5,4,5,6,13,2,1,4,0,'3003','CAT950-1','KAYL00480','BMA01606',2002,0,1,1,0,1,'2015-09-14 20:47:33'),(152,7,6,14,4,6,1,1,1,0,'5025','JP3903-0','0','0',2015,0,1,1,0,1,'2015-09-14 20:47:33'),(153,7,6,15,4,7,1,1,1,0,'5026','JP3904-9','00C1847','0',2015,0,1,1,0,1,'2015-09-14 20:47:49');
/*!40000 ALTER TABLE `equipment` ENABLE KEYS */;
UNLOCK TABLES;

--
-- Table structure for table `equipos`
--

DROP TABLE IF EXISTS `equipos`;
/*!40101 SET @saved_cs_client     = @@character_set_client */;
/*!40101 SET character_set_client = utf8 */;
CREATE TABLE `equipos` (
  `idEquipo` int(11) NOT NULL,
  `centroCosto` varchar(45) DEFAULT NULL,
  `patente` varchar(45) DEFAULT NULL,
  `idFamilias` int(11) DEFAULT NULL,
  `idTipos` int(11) DEFAULT NULL,
  `idMarcas` int(11) DEFAULT NULL,
  `idModelos` int(11) DEFAULT NULL,
  `numSerie` varchar(45) DEFAULT NULL,
  `motor` varchar(45) DEFAULT NULL,
  `anio` int(11) DEFAULT NULL,
  `arriendo` int(11) DEFAULT NULL,
  `idPropietarios` int(11) DEFAULT NULL,
  `idStatus` int(11) DEFAULT NULL,
  `activo` int(11) DEFAULT NULL,
  `combustible` varchar(45) DEFAULT NULL,
  `esDispensador` int(11) DEFAULT NULL,
  `capacidadEstanque` int(11) DEFAULT NULL,
  `idTipoIdent` int(11) DEFAULT NULL,
  `creadoPor` int(11) DEFAULT NULL,
  `creadoAt` datetime DEFAULT NULL,
  PRIMARY KEY (`idEquipo`),
  KEY `fk_equipos_familias1_idx` (`idFamilias`),
  KEY `fk_equipos_tipos1_idx` (`idTipos`),
  KEY `fk_equipos_marcas1_idx` (`idMarcas`),
  KEY `fk_equipos_modelos1_idx` (`idModelos`),
  KEY `fk_equipos_status1_idx` (`idStatus`),
  KEY `fk_equipos_propietarios1_idx` (`idPropietarios`),
  KEY `fk_equipos_tiposIdentificacion1_idx` (`idTipoIdent`),
  CONSTRAINT `fk_equipos_familias1` FOREIGN KEY (`idFamilias`) REFERENCES `familias` (`idFamilia`) ON DELETE NO ACTION ON UPDATE NO ACTION,
  CONSTRAINT `fk_equipos_marcas1` FOREIGN KEY (`idMarcas`) REFERENCES `marcas` (`idMarca`) ON DELETE NO ACTION ON UPDATE NO ACTION,
  CONSTRAINT `fk_equipos_modelos1` FOREIGN KEY (`idModelos`) REFERENCES `modelos` (`idModelo`) ON DELETE NO ACTION ON UPDATE NO ACTION,
  CONSTRAINT `fk_equipos_propietarios1` FOREIGN KEY (`idPropietarios`) REFERENCES `propietarios` (`idPropietarios`) ON DELETE NO ACTION ON UPDATE NO ACTION,
  CONSTRAINT `fk_equipos_status1` FOREIGN KEY (`idStatus`) REFERENCES `status` (`idStatus`) ON DELETE NO ACTION ON UPDATE NO ACTION,
  CONSTRAINT `fk_equipos_tipos1` FOREIGN KEY (`idTipos`) REFERENCES `tipos` (`idTipos`) ON DELETE NO ACTION ON UPDATE NO ACTION,
  CONSTRAINT `fk_equipos_tiposIdentificacion1` FOREIGN KEY (`idTipoIdent`) REFERENCES `tiposidentificacion` (`idTiposIdentificacion`) ON DELETE NO ACTION ON UPDATE NO ACTION
) ENGINE=InnoDB DEFAULT CHARSET=latin1;
/*!40101 SET character_set_client = @saved_cs_client */;

--
-- Dumping data for table `equipos`
--

LOCK TABLES `equipos` WRITE;
/*!40000 ALTER TABLE `equipos` DISABLE KEYS */;
INSERT INTO `equipos` VALUES (1,'6004','XL2274-4',7,3,8,22,'9BFV2UHG23BB22238','30658986',2004,0,1,1,1,'Diesel',1,150,1,1,'2015-08-19 00:00:00'),(2,'6008','WR7116-2',7,3,8,22,'9BFV2UHG06BB72981','30218828',2007,0,1,1,1,'Diesel',1,150,1,1,'2015-08-19 00:00:00'),(3,'3000','BZPJ96-4',4,5,31,84,'L70B V-10933','98230',1995,0,1,1,1,'Diesel',0,0,1,1,'2015-08-19 00:00:00'),(4,'5000','JA2468-9',6,14,28,72,'TMI9431','N/A',1995,0,1,1,1,'Diesel',0,0,1,1,'2015-08-19 00:00:00'),(5,'4002','BZPJ49-2',5,16,17,42,'CQ6605A018908','J060687001413',2003,0,1,1,1,'Diesel',0,172,1,1,'2015-08-19 00:00:00'),(6,'4000','HF1940-K',5,16,8,23,'B-R1867-9K8','236023',1973,0,1,1,1,'Diesel',0,75,1,1,'2015-08-19 00:00:00'),(7,'7004','BAR001',8,1,1,1,'N/A','N/A',2000,0,1,1,1,'Diesel',0,0,4,1,'2015-08-19 00:00:00'),(8,'4003','BZPJ48-4',5,16,17,42,'CQ6605A018546','J06068T001273',2003,0,1,1,1,'Diesel',0,172,1,1,'2015-08-19 00:00:00'),(9,'6009','ZH4174-2',7,12,23,60,'8AC9036727A951618','61198170051212',2007,0,1,1,1,'Diesel',0,80,1,1,'2015-08-19 00:00:00'),(10,'2000','VZ2256-K',3,10,13,34,'K005V03402Z','AR70455U240873J',2003,0,1,1,1,'Diesel',0,50,1,1,'2015-08-19 00:00:00'),(11,'3004','XB9018-K',4,5,31,81,'5672','348012',2003,0,1,1,1,'Diesel',0,370,1,1,'2015-08-19 00:00:00'),(12,'2001','VZ2111-3',3,10,13,34,'K005V03460Z','AR70455U253142J',2003,0,1,1,1,'Diesel',0,50,1,1,'2015-08-19 00:00:00'),(13,'6006','YT1681-1',7,3,8,21,'9BFZ2UMT24BB38896','30513602',2005,0,1,1,1,'Diesel',0,275,1,1,'2015-08-19 00:00:00'),(14,'5001','UKZ456-6',6,6,11,31,'S/N','N/A',1997,0,1,1,1,'Diesel',0,0,1,1,'2015-08-19 00:00:00'),(15,'5005','UYX346-6',6,6,11,31,'N/A','N/A',2004,0,1,1,1,'Diesel',0,0,1,1,'2015-08-19 00:00:00'),(16,'5003','UVA262-2',6,6,29,73,'SN','N/A',2000,0,1,1,1,'Diesel',0,0,1,1,'2015-08-19 00:00:00'),(17,'3009','YK4197-7',4,5,6,13,'BAA00306','BMA04679',2005,0,1,1,1,'Diesel',0,295,1,1,'2015-08-19 00:00:00'),(18,'6011','CPHD97-2',7,4,24,63,'JN1CPGD22Z0020704','YD25282179A',2010,0,1,1,1,'Diesel',0,75,1,1,'2015-08-19 00:00:00'),(19,'6012','CPHD96-4',7,4,24,63,'JN1CPGD22Z0020674','YD25281931A',2010,0,1,1,1,'Diesel',0,75,1,1,'2015-08-19 00:00:00'),(20,'6000','SZ9077-0',7,3,15,37,'2HSEMAHR4WC062937','34897471',1999,0,1,1,1,'Diesel',0,600,1,1,'2015-08-19 00:00:00'),(21,'6013','CRZB13-4',7,4,24,63,'JN1CPGD22Z0021011','YB25285597A',2010,0,1,1,1,'Diesel',0,75,1,1,'2015-08-19 00:00:00'),(22,'6014','CRZB12-6',7,4,24,63,'JN1CPGD22ZOO20952','YD25284718A',2010,0,1,1,1,'Diesel',0,75,1,1,'2015-08-19 00:00:00'),(23,'6016','CVDW26-9',7,4,30,75,'WV1ZZZ2HZB8021014','CDC022168',2011,0,1,1,1,'Diesel',0,80,1,1,'2015-08-19 00:00:00'),(24,'6017','CYDG97-5',7,4,30,76,'WV1ZZZ2HZB8035807','CDC036459',2011,0,1,1,1,'Diesel',0,80,1,1,'2015-08-19 00:00:00'),(25,'6015','CPHK39-7',7,3,12,32,'JHFUT13H9AKOO2261','N04CTR20465',2010,0,1,1,1,'Diesel',0,170,1,1,'2015-08-19 00:00:00'),(26,'4004','WR8775-1',5,16,17,43,'CQ6615A060224','J06068T415740',2006,0,1,1,1,'Diesel',0,172,1,1,'2015-08-19 00:00:00'),(27,'4005','WR8777-8',5,16,17,43,'CQ6615A060069','J06068T418558',2007,0,1,1,1,'Diesel',0,172,1,1,'2015-08-19 00:00:00'),(28,'4006','WR8776-K',5,16,17,43,'CQ6615A060029','J06068T415597',2007,0,1,1,1,'Diesel',0,172,1,1,'2015-08-19 00:00:00'),(29,'4007','WR8785-9',5,16,17,43,'CQ6615A037529','J06068T415467',2007,0,1,1,1,'Diesel',0,172,1,1,'2015-08-19 00:00:00'),(30,'6018','DGWF64-9',7,4,24,66,'JN1CPGD22Z0022687','YD25299099A',2011,0,1,1,1,'Diesel',0,75,1,1,'2015-08-19 00:00:00'),(31,'1007','BLTD94-4',1,8,19,47,'55917','26854491',2008,0,1,1,1,'Diesel',0,605,1,1,'2015-08-19 00:00:00'),(32,'1016','BWHS49-6',1,9,6,16,'W2T00404','C6E16735',2009,0,1,1,1,'Diesel',0,386,1,1,'2015-08-19 00:00:00'),(33,'1017','BYYW53-3',1,9,6,16,'W2T00417','C6E17858',2009,0,1,1,1,'Diesel',0,386,1,1,'2015-08-19 00:00:00'),(34,'5021','JG4155-1',6,2,32,88,'1W8A11E37BS000201','N/A',2011,0,1,1,1,'Diesel',0,0,1,1,'2015-08-19 00:00:00'),(35,'6001','CSJL77-5',7,3,16,38,'ZCFC5980105201413','LI030200077158Z391',1999,0,1,1,1,'Diesel',0,70,1,1,'2015-08-19 00:00:00'),(36,'1001','UK2499-6',1,9,20,50,'666-7345','2000-01-3973',2000,0,1,1,1,'Diesel',0,350,1,1,'2015-08-19 00:00:00'),(37,'3005','XV1226-K',4,5,31,86,'L90EV70851','881601',2004,0,1,1,1,'Diesel',0,205,1,1,'2015-08-19 00:00:00'),(38,'3006','XV1227-8',4,5,31,86,'L90EV70849','88178',2004,0,1,1,1,'Diesel',0,205,1,1,'2015-08-19 00:00:00'),(39,'3007','XY4604-8',4,5,31,83,'L60EV70141','912764',2004,0,1,1,1,'Diesel',0,197,1,1,'2015-08-19 00:00:00'),(40,'3008','XV1225-1',4,5,31,86,'70858','889758',2004,0,1,1,1,'Diesel',0,205,1,1,'2015-08-19 00:00:00'),(41,'4011','DYRV37-K',5,16,17,40,'LO6920K482602','CD6068G046857',2012,0,1,1,1,'Diesel',0,172,1,1,'2015-08-19 00:00:00'),(42,'6019','FDCD20-3',7,4,24,62,'3N6PD23S0ZK914375','YD25416914T',2013,0,1,1,1,'Diesel',0,75,1,1,'2015-08-19 00:00:00'),(43,'4001','ZJ7253-1',5,16,17,41,'RW7700H006751','RG6076T531303',1995,0,1,1,1,'Diesel',0,200,1,1,'2015-08-19 00:00:00'),(44,'6007','ZX7209-K',7,3,8,22,'9BFV2UHGX6BB65651','30214939',2006,0,1,1,1,'Diesel',1,500,1,1,'2015-08-19 00:00:00'),(45,'6020','FPDP94-K',7,4,24,65,'3N6PD23TXDK027422','YD25399250T',2013,0,1,1,1,'Diesel',0,70,1,1,'2015-08-19 00:00:00'),(46,'3011','BSFB41-3',4,5,19,48,'70149','26523486',2008,0,1,1,1,'Diesel',0,245,1,1,'2015-08-19 00:00:00'),(47,'6021','FVHW27-0',7,4,24,62,'3N6PD23S9DK069583','YD25433683T',2013,0,1,1,1,'Diesel',0,75,1,1,'2015-08-19 00:00:00'),(48,'6022','FVTB65-0',7,4,24,64,'3N6PD23W1DK064431','YD25434191T',2013,0,1,1,1,'Diesel',0,75,1,1,'2015-08-19 00:00:00'),(49,'4012','FFVX49-8',5,16,5,8,'ZDBL10322','1105229',2013,0,1,1,1,'Diesel',0,350,1,1,'2015-08-19 00:00:00'),(50,'4013','FFVX50-1',5,16,5,8,'ZDBL10375','1102661',2013,0,1,1,1,'Diesel',0,350,1,1,'2015-08-19 00:00:00'),(51,'1002','VZ8274-0',1,9,20,50,'14329 710','2002-01-2763',2002,0,1,1,1,'Diesel',0,350,1,1,'2015-08-19 00:00:00'),(52,'1003','CLZG30-1',1,9,20,52,'WLHZLZK028471/957284471','2005017064',2006,0,1,1,1,'Diesel',0,580,1,1,'2015-08-19 00:00:00'),(53,'3012','BKZR76-2',4,5,31,82,'L180FV11211','628715',2008,0,1,1,1,'Diesel',0,335,1,1,'2015-08-19 00:00:00'),(54,'1008','BPFV17-2',1,9,20,50,'WLHZ0710HZK039503','2007017226',2008,0,1,1,1,'Diesel',0,350,1,1,'2015-08-19 00:00:00'),(55,'1009','BPFV18-0',1,9,20,50,'WLHZ0710CZK39897','2007018328',2008,0,1,1,1,'Diesel',0,350,1,1,'2015-08-19 00:00:00'),(56,'1010','BHGD16-4',1,9,20,50,'35578/WLHZ0710HZK035578','2007012560',2008,0,1,1,1,'Diesel',0,350,1,1,'2015-08-19 00:00:00'),(57,'1004','BHGD17-2',1,9,20,50,'33742/WLHZ0710K033742','200617348',2007,0,1,1,1,'Diesel',0,350,1,1,'2015-08-19 00:00:00'),(58,'1005','BHGD15-6',1,9,20,50,'WLHZ0710CZK032724','2006016467',2007,0,1,1,1,'Diesel',0,350,1,1,'2015-08-19 00:00:00'),(59,'1011','BHDW11-1',1,9,20,50,'WLHZ0710VZK038315','2007015618',2008,0,1,1,1,'Diesel',0,350,1,1,'2015-08-19 00:00:00'),(60,'1006','BHDW10-3',1,9,20,50,'WLHZ0710AZK038316','20070113656',2007,0,1,1,1,'Diesel',0,350,1,1,'2015-08-19 00:00:00'),(61,'4008','BKWH56-7',5,16,17,39,'CQ6615A070463','J06068T416428',2008,0,1,1,1,'Diesel',0,172,1,1,'2015-08-19 00:00:00'),(62,'4009','BKWH55-9',5,16,17,39,'CQ6615A070456','JO6068T416442',2008,0,1,1,1,'Diesel',0,172,1,1,'2015-08-19 00:00:00'),(63,'4010','BKWH57-5',5,16,17,39,'CQ6615A070516','J06068T416425',2008,0,1,1,1,'Diesel',0,172,1,1,'2015-08-19 00:00:00'),(64,'5016','JJ6725-2',6,14,10,26,'16533','17234',2008,0,1,1,1,'Diesel',0,0,1,1,'2015-08-19 00:00:00'),(65,'5017','JJ6724-4',6,14,10,26,'16534','17235',2008,0,1,1,1,'Diesel',0,0,1,1,'2015-08-19 00:00:00'),(66,'5018','JJ6723-6',6,14,10,26,'16532','17236',2008,0,1,1,1,'Diesel',0,0,1,1,'2015-08-19 00:00:00'),(67,'1012','CAT569',1,9,6,12,'PR63539','Eléctrica',2008,0,1,1,1,'Diesel',0,0,4,1,'2015-08-19 00:00:00'),(68,'5008','JG3079-7',6,15,25,68,'9ADT100277M250444','N/A',2007,0,1,1,1,'Diesel',0,0,1,1,'2015-08-19 00:00:00'),(69,'5009','JG3078-9',6,15,25,67,'9ADT100277M250443','N/A',2007,0,1,1,1,'Diesel',0,0,1,1,'2015-08-19 00:00:00'),(70,'2002','BSYD26-4',3,10,13,35,'H006V02448F','46851223',2008,0,1,1,1,'Diesel',0,74,1,1,'2015-08-19 00:00:00'),(71,'2003','BWLR55-0',3,10,21,58,'E1X353W01056','10641474',2008,0,1,1,1,'Diesel',0,70,1,1,'2015-08-19 00:00:00'),(72,'2004','BTHY63-4',3,10,13,33,'N005V04675F','WO80650197',2008,0,1,1,1,'Diesel',0,0,1,1,'2015-08-19 00:00:00'),(73,'2005','BTHY64-2',3,10,13,33,'N005V04671F','W080650235',2008,0,1,1,1,'Diesel',0,0,1,1,'2015-08-19 00:00:00'),(74,'3013','BSDS52-6',4,5,31,79,'VCEL150FC00013632','633614',2008,0,1,1,1,'Diesel',0,335,1,1,'2015-08-19 00:00:00'),(75,'6010','BSDY10-2',7,3,8,20,'9BFZCEEX18BB05432','36013747',2008,0,1,1,1,'Diesel',0,150,1,1,'2015-08-19 00:00:00'),(76,'3014','BSDS51-8',4,5,31,79,'VCEL150FA00013642','633846',2008,0,1,1,1,'Diesel',0,335,1,1,'2015-08-19 00:00:00'),(77,'3015','BSDS50-K',4,5,31,87,'VCE0L90FJ00071587','10565981',2008,0,1,1,1,'Diesel',0,205,1,1,'2015-08-19 00:00:00'),(78,'3016','BSDS55-0',4,5,31,87,'VCE0L90FH00071595','10579621',2008,0,1,1,1,'Diesel',0,205,1,1,'2015-08-19 00:00:00'),(79,'3017','BSDS54-2',4,5,31,78,'VCEL120FP00071760','10559742',2008,0,1,1,1,'Diesel',0,269,1,1,'2015-08-19 00:00:00'),(80,'3018','BSDS53-4',4,5,31,78,'VCEL120FA00071765','10569704',2008,0,1,1,1,'Diesel',0,269,1,1,'2015-08-19 00:00:00'),(81,'3021','CHRJ44-2',4,5,20,57,'21038/VATZ0456CZB021038','2008030869',2009,0,1,1,1,'Diesel',0,300,1,1,'2015-08-19 00:00:00'),(82,'1900','CKYF52-6',2,11,3,4,'10729523683','46763788',2011,0,1,1,1,'Diesel',0,454,1,1,'2015-08-19 00:00:00'),(83,'1020','CPWK51-6',1,9,6,18,'EDF02001','KHX23956',2011,0,1,1,1,'Diesel',0,310,1,1,'2015-08-19 00:00:00'),(84,'3019','BRCX71-8',4,5,20,51,'39893','2007038145',2008,0,1,1,1,'Diesel',0,350,1,1,'2015-08-19 00:00:00'),(85,'1018','DFKX12-1',1,9,20,49,'WLHZ1049JZK045597','2008037071',2009,0,1,1,1,'Diesel',0,400,1,1,'2015-08-19 00:00:00'),(86,'3010','CLZG32-8',4,5,20,57,'VATZ20456CZB017899','2007030766',2007,0,1,1,1,'Diesel',0,300,1,1,'2015-08-19 00:00:00'),(87,'3023','DLFZ35-4',4,5,31,78,'VCEL120FV00072199','11062617',2012,0,1,1,1,'Diesel',0,269,1,1,'2015-08-19 00:00:00'),(88,'3024','DLFZ36-2',4,5,31,78,'VCEL120FT00072180','11038641',2012,0,1,1,1,'Diesel',0,269,1,1,'2015-08-19 00:00:00'),(89,'1022','FHKJ42-6',1,9,20,56,'WLHZ1006AZK059029','2011031775',2012,0,1,1,1,'Diesel',0,580,1,1,'2015-08-19 00:00:00'),(90,'3025','DVCT98-1',4,5,6,15,'M3G00589','KHX46269',2012,0,1,1,1,'Diesel',0,0,1,1,'2015-08-19 00:00:00'),(91,'1021','DBSP45-2',1,9,20,54,'WLHZ1049PZK043362','2008034914',2011,0,1,1,1,'Diesel',0,0,1,1,'2015-08-19 00:00:00'),(92,'1024','FGDH31-2',1,9,6,16,'D3X00208','C6E39980',2013,0,1,1,1,'Diesel',0,295,1,1,'2015-08-19 00:00:00'),(93,'3026','FKRY35-6',4,5,31,87,'VCE0L90VF00072225','11339040',2013,0,1,1,1,'Diesel',0,200,1,1,'2015-08-19 00:00:00'),(94,'1023','FTDG92-3',1,9,20,55,'WLHZ1049AZK054921','2011030266',2012,0,1,1,1,'Diesel',0,300,1,1,'2015-08-19 00:00:00'),(95,'1025','FRRR82-2',1,9,6,17,'D3X00341','C6E52288',2013,0,1,1,1,'Diesel',0,300,1,1,'2015-08-19 00:00:00'),(96,'3027','FYVX13-5',4,5,31,78,'VCEL120FC00072548','11460960',2013,0,1,1,1,'Diesel',0,205,1,1,'2015-08-19 00:00:00'),(97,'3031','FYKC45-8',4,5,31,78,'VCEL120FK00072523','11439860',2014,0,3,1,1,'Diesel',0,205,1,1,'2015-08-19 00:00:00'),(98,'3028','FFTG88-0',4,5,6,14,'M1G03237','KHX44836',2013,0,3,1,1,'Diesel',0,0,1,1,'2015-08-19 00:00:00'),(99,'1000','NL5675-1',1,9,3,3,'20619','T060687495',1995,0,2,1,1,'Diesel',0,500,1,1,'2015-08-19 00:00:00'),(100,'5019','JH7733-K',6,14,10,29,'16724','N/A',2008,0,2,1,1,'Diesel',0,0,1,1,'2015-08-19 00:00:00'),(101,'5020','JH7734-8',6,14,10,29,'16725','N/A',2008,0,2,1,1,'Diesel',0,0,1,1,'2015-08-19 00:00:00'),(102,'5002','JA8371-5',6,15,27,70,'N/A','N/A',1997,0,2,1,1,'Diesel',0,0,1,1,'2015-08-19 00:00:00'),(103,'3029','TU6198-9',4,5,31,77,'13437','121764',2013,0,2,1,1,'Diesel',0,255,1,1,'2015-08-19 00:00:00'),(104,'3002','UZ7448-7',4,5,31,85,'70573','173679',2002,0,2,1,1,'Diesel',0,210,1,1,'2015-08-19 00:00:00'),(105,'5007','UVC241-5',6,6,7,19,'1ZJBE14116M038551','N/A',2006,0,2,1,1,'Diesel',0,0,1,1,'2015-08-19 00:00:00'),(106,'6003','UP5535-4',7,3,9,24,'3ALHAEA861DJ45509','35031033',2001,0,2,1,1,'Diesel',0,302,1,1,'2015-08-19 00:00:00'),(107,'5004','JA1614-7',6,14,4,5,'N/A','N/A',2002,0,2,1,1,'Diesel',0,0,1,1,'2015-08-19 00:00:00'),(108,'6005','XJ4013-3',7,3,9,25,'3ALHAEA814DM79659','35084335',2004,0,2,1,1,'Diesel',0,302,1,1,'2015-08-19 00:00:00'),(109,'5006','JC5356-4',6,14,28,71,'1580','N/A',2004,0,2,1,1,'Diesel',0,0,1,1,'2015-08-19 00:00:00'),(110,'3020','BPRP10-2',4,13,6,10,'HEN08413','CYM02180',2008,0,2,1,1,'Diesel',0,90,1,1,'2015-08-19 00:00:00'),(111,'2006','BGVP94-2',3,10,13,35,'H006V01561E','46748350',2008,0,2,1,1,'Diesel',0,74,1,1,'2015-08-19 00:00:00'),(112,'3001','TV1042-4',4,5,31,77,'13575','123913',2000,0,2,1,1,'Diesel',0,255,1,1,'2015-08-19 00:00:00'),(113,'1013','BRDV37-0',1,9,6,16,'WS2S00245','C6E04544',2008,0,2,1,1,'Diesel',0,386,1,1,'2015-08-19 00:00:00'),(114,'5010','JH2547-K',6,14,10,30,'15818','N/A',2007,0,2,1,1,'Diesel',0,0,1,1,'2015-08-19 00:00:00'),(115,'5011','JH2548-8',6,14,10,27,'15819','N/A',2007,0,2,1,1,'Diesel',0,0,1,1,'2015-08-19 00:00:00'),(116,'5012','JH2549-6',6,14,10,27,'15820','N/A',2007,0,2,1,1,'Diesel',0,0,1,1,'2015-08-19 00:00:00'),(117,'5013','JH2550-K',6,14,10,27,'15816','N/A',2007,0,2,1,1,'Diesel',0,0,1,1,'2015-08-19 00:00:00'),(118,'5014','JH2551-8',6,14,10,27,'15817','N/A',2007,0,2,1,1,'Diesel',0,0,1,1,'2015-08-19 00:00:00'),(119,'1014','BRDV38-9',1,8,6,11,'SBN02417','MAE16816',2008,0,2,1,1,'Diesel',0,400,1,1,'2015-08-19 00:00:00'),(120,'1015','BVVX96-3',1,8,19,46,'60670','26856097',2008,0,2,1,1,'Diesel',0,605,1,1,'2015-08-19 00:00:00'),(121,'1019','CCLB66-5',1,9,6,16,'W2T00416','C6E17856',2010,0,2,1,1,'Diesel',0,386,1,1,'2015-08-19 00:00:00'),(122,'7000','XAS97',8,7,2,2,'N/A','N/A',2009,0,2,1,1,'Diesel',0,32,4,1,'2015-08-19 00:00:00'),(123,'7001','COMM57',8,7,18,45,'0','0',0,0,1,1,1,'Diesel',0,0,4,1,'2015-08-19 00:00:00'),(124,'3030','GDXH79-3',4,5,31,80,'VCEL150GC00018846','381844',2013,0,1,1,1,'Diesel',0,205,1,1,'2015-08-19 00:00:00'),(125,'7002','COMF1E-1',8,7,34,94,'0','0',0,0,2,1,1,'Diesel',0,0,4,1,'2015-08-19 00:00:00'),(126,'7003','COMM57-2',8,7,18,45,'0','0',2015,0,2,1,1,'Diesel',0,0,4,1,'2015-08-19 00:00:00'),(127,'6023','GCCR99-0',7,4,24,61,'3N6PD23S7DK087001','YD25602145P',2014,0,1,1,1,'Diesel',0,90,1,1,'2015-08-19 00:00:00'),(128,'6024','GGJG56-7',7,4,30,74,'WV1ZZZ2HZDA064143','CNE044931',2014,0,1,1,1,'Diesel',0,80,1,1,'2015-08-19 00:00:00'),(129,'4014','GKVJ67-8',5,16,5,9,'ZEBH01284','1162740',2014,0,1,1,1,'Diesel',0,350,1,1,'2015-08-19 00:00:00'),(130,'6025','GWSD96-6',7,4,30,74,'WV1ZZZ2HZFA007660','CSH 100132',2015,0,1,1,1,'Diesel',0,80,1,1,'2015-08-19 00:00:00'),(131,'3032','GKYC45-1',4,5,6,14,'JLX00230','KHX50163',2014,0,1,1,1,'Diesel',0,0,1,1,'2015-08-19 00:00:00'),(132,'5015','JJ2382-4',6,14,10,28,'16362','N/A',2007,0,1,1,1,'Diesel',0,0,1,1,'2015-08-19 00:00:00'),(133,'5022','JN4730-1',6,15,26,69,'634','N/A',2014,0,2,1,1,'Diesel',0,0,1,1,'2015-08-19 00:00:00'),(134,'6026','HBPS50-2',7,4,14,36,'KMFZCX7KAFU156024','D4CBE631217',2015,0,1,1,1,'Diesel',0,0,1,1,'2015-08-19 00:00:00'),(135,'4015','GZXS25-2',5,16,17,44,'0','0',2015,0,2,1,1,'Diesel',0,1,1,1,'2015-08-19 00:00:00'),(136,'5023','JN8060-0',6,14,4,6,'00C1676','0',2015,0,1,1,1,'Diesel',0,0,1,1,'2015-08-19 00:00:00'),(137,'5024','JN8059-7',6,15,4,7,'00C1679','0',2015,0,1,1,1,'Diesel',0,0,1,1,'2015-08-19 00:00:00'),(138,'3035','HDZX66-2',4,5,6,89,'HFW00300','45000565',2015,0,1,1,1,'Diesel',0,0,1,1,'2015-08-19 00:00:00'),(139,'3036','HDZX67-0',4,5,6,89,'HFW00297','45000607',2015,0,1,1,1,'Diesel',0,0,1,1,'2015-08-19 00:00:00'),(140,'3037','HDZX72-7',4,5,6,89,'HFW00301','45000546',2015,0,1,1,1,'Diesel',0,0,1,1,'2015-08-19 00:00:00'),(141,'3038','HCCW65-5',4,5,17,92,'1DW724KZDD654336','RG6090L116358',2015,0,1,1,1,'Diesel',0,0,1,1,'2015-08-19 00:00:00'),(142,'3039','HDLX81-6',4,5,31,80,'VCEL150GPE0019109','497974',2015,0,1,1,1,'Diesel',0,0,1,1,'2015-08-19 00:00:00'),(143,'3040','HFVT56-9',4,5,31,78,'VCEL120FL00072660','11615639',2015,0,1,1,1,'Diesel',0,0,1,1,'2015-08-19 00:00:00'),(144,'3033','HFTV57-7',4,5,31,87,'VCE0L90FTF0072517','11728238',2014,0,1,1,1,'Diesel',0,0,1,1,'2015-08-19 00:00:00'),(145,'6027','HFPC19-4',7,18,33,93,'0','0',2015,0,1,1,1,'Diesel',0,0,1,1,'2015-08-19 00:00:00'),(146,'3034','GJHJ32-6',4,5,20,90,'VATZ0435CZB022037','2008033394',2014,0,1,1,1,'Diesel',0,0,1,1,'2015-08-19 00:00:00'),(147,'3041','HHLZ92-8',4,5,31,78,'VCEL120FKF0072725','11756061',2015,0,1,1,1,'Diesel',0,0,1,1,'2015-08-19 00:00:00'),(148,'3042','L120FN3',4,5,31,78,'VCEL120FCFOC72727','11757198',2015,0,1,1,1,'Diesel',0,0,1,1,'2015-08-19 00:00:00'),(149,'3022','DBVZ66-3',4,17,19,91,'80542','26861124',2011,0,1,1,1,'Diesel',0,0,1,1,'2015-08-19 00:00:00'),(150,'4016','HJGR76-4',5,16,17,44,'1BM7210JHEH001104','J06068H697159',2015,0,1,1,1,'Diesel',0,0,1,1,'2015-08-19 00:00:00'),(151,'3003','CAT950-1',4,5,6,13,'KAYL00480','BMA01606',2002,0,2,1,1,'Diesel',0,0,4,1,'2015-08-19 00:00:00'),(152,'5025','JP3903-0',6,14,4,6,'0','0',2015,0,1,1,1,'Diesel',0,0,1,1,'2015-08-19 00:00:00'),(153,'5026','JP3904-9',6,15,4,7,'00C1847','0',2015,0,1,1,1,'Diesel',0,0,1,1,'2015-08-19 00:00:00');
/*!40000 ALTER TABLE `equipos` ENABLE KEYS */;
UNLOCK TABLES;

--
-- Table structure for table `equiposfaenas`
--

DROP TABLE IF EXISTS `equiposfaenas`;
/*!40101 SET @saved_cs_client     = @@character_set_client */;
/*!40101 SET character_set_client = utf8 */;
CREATE TABLE `equiposfaenas` (
  `idEquipoFaena` int(11) NOT NULL,
  `idFaenas` int(11) DEFAULT NULL,
  `idEquipos` int(11) DEFAULT NULL,
  `creadoPor` int(11) DEFAULT NULL,
  `creadoAt` datetime DEFAULT NULL,
  PRIMARY KEY (`idEquipoFaena`),
  KEY `fk_equiposFaenas_faenas1_idx` (`idFaenas`),
  KEY `fk_equiposFaenas_equipos1_idx` (`idEquipos`),
  CONSTRAINT `fk_equiposFaenas_equipos1` FOREIGN KEY (`idEquipos`) REFERENCES `equipos` (`idEquipo`) ON DELETE NO ACTION ON UPDATE NO ACTION,
  CONSTRAINT `fk_equiposFaenas_faenas1` FOREIGN KEY (`idFaenas`) REFERENCES `faenas` (`idFaena`) ON DELETE NO ACTION ON UPDATE NO ACTION
) ENGINE=InnoDB DEFAULT CHARSET=latin1;
/*!40101 SET character_set_client = @saved_cs_client */;

--
-- Dumping data for table `equiposfaenas`
--

LOCK TABLES `equiposfaenas` WRITE;
/*!40000 ALTER TABLE `equiposfaenas` DISABLE KEYS */;
INSERT INTO `equiposfaenas` VALUES (1,6,1,1,'2015-08-19 00:00:00'),(2,8,2,1,'2015-08-19 00:00:00'),(3,10,3,1,'2015-08-19 00:00:00'),(4,8,4,1,'2015-08-19 00:00:00'),(5,9,5,1,'2015-08-19 00:00:00'),(6,9,6,1,'2015-08-19 00:00:00'),(7,10,7,1,'2015-08-19 00:00:00'),(8,9,8,1,'2015-08-19 00:00:00'),(9,13,9,1,'2015-08-19 00:00:00'),(10,13,10,1,'2015-08-19 00:00:00'),(11,15,11,1,'2015-08-19 00:00:00'),(12,13,12,1,'2015-08-19 00:00:00'),(13,11,13,1,'2015-08-19 00:00:00'),(14,6,14,1,'2015-08-19 00:00:00'),(15,8,15,1,'2015-08-19 00:00:00'),(16,13,16,1,'2015-08-19 00:00:00'),(17,16,17,1,'2015-08-19 00:00:00'),(18,3,18,1,'2015-08-19 00:00:00'),(19,18,19,1,'2015-08-19 00:00:00'),(20,13,20,1,'2015-08-19 00:00:00'),(21,13,21,1,'2015-08-19 00:00:00'),(22,6,22,1,'2015-08-19 00:00:00'),(23,24,23,1,'2015-08-19 00:00:00'),(24,24,24,1,'2015-08-19 00:00:00'),(25,6,25,1,'2015-08-19 00:00:00'),(26,6,26,1,'2015-08-19 00:00:00'),(27,6,27,1,'2015-08-19 00:00:00'),(28,6,28,1,'2015-08-19 00:00:00'),(29,6,29,1,'2015-08-19 00:00:00'),(30,8,30,1,'2015-08-19 00:00:00'),(31,6,31,1,'2015-08-19 00:00:00'),(32,8,32,1,'2015-08-19 00:00:00'),(33,6,33,1,'2015-08-19 00:00:00'),(34,13,34,1,'2015-08-19 00:00:00'),(35,6,35,1,'2015-08-19 00:00:00'),(36,14,36,1,'2015-08-19 00:00:00'),(37,4,37,1,'2015-08-19 00:00:00'),(38,18,38,1,'2015-08-19 00:00:00'),(39,3,39,1,'2015-08-19 00:00:00'),(40,4,40,1,'2015-08-19 00:00:00'),(41,9,41,1,'2015-08-19 00:00:00'),(42,24,42,1,'2015-08-19 00:00:00'),(43,6,43,1,'2015-08-19 00:00:00'),(44,6,44,1,'2015-08-19 00:00:00'),(45,10,45,1,'2015-08-19 00:00:00'),(46,6,46,1,'2015-08-19 00:00:00'),(47,8,47,1,'2015-08-19 00:00:00'),(48,11,48,1,'2015-08-19 00:00:00'),(49,8,49,1,'2015-08-19 00:00:00'),(50,8,50,1,'2015-08-19 00:00:00'),(51,13,51,1,'2015-08-19 00:00:00'),(52,8,52,1,'2015-08-19 00:00:00'),(53,15,53,1,'2015-08-19 00:00:00'),(54,8,54,1,'2015-08-19 00:00:00'),(55,9,55,1,'2015-08-19 00:00:00'),(56,8,56,1,'2015-08-19 00:00:00'),(57,8,57,1,'2015-08-19 00:00:00'),(58,8,58,1,'2015-08-19 00:00:00'),(59,8,59,1,'2015-08-19 00:00:00'),(60,9,60,1,'2015-08-19 00:00:00'),(61,6,61,1,'2015-08-19 00:00:00'),(62,6,62,1,'2015-08-19 00:00:00'),(63,6,63,1,'2015-08-19 00:00:00'),(64,6,64,1,'2015-08-19 00:00:00'),(65,6,65,1,'2015-08-19 00:00:00'),(66,8,66,1,'2015-08-19 00:00:00'),(67,8,67,1,'2015-08-19 00:00:00'),(68,6,68,1,'2015-08-19 00:00:00'),(69,6,69,1,'2015-08-19 00:00:00'),(70,10,70,1,'2015-08-19 00:00:00'),(71,10,71,1,'2015-08-19 00:00:00'),(72,10,72,1,'2015-08-19 00:00:00'),(73,10,73,1,'2015-08-19 00:00:00'),(74,10,74,1,'2015-08-19 00:00:00'),(75,10,75,1,'2015-08-19 00:00:00'),(76,10,76,1,'2015-08-19 00:00:00'),(77,10,77,1,'2015-08-19 00:00:00'),(78,10,78,1,'2015-08-19 00:00:00'),(79,4,79,1,'2015-08-19 00:00:00'),(80,10,80,1,'2015-08-19 00:00:00'),(81,4,81,1,'2015-08-19 00:00:00'),(82,11,82,1,'2015-08-19 00:00:00'),(83,6,83,1,'2015-08-19 00:00:00'),(84,8,84,1,'2015-08-19 00:00:00'),(85,6,85,1,'2015-08-19 00:00:00'),(86,4,86,1,'2015-08-19 00:00:00'),(87,12,87,1,'2015-08-19 00:00:00'),(88,3,88,1,'2015-08-19 00:00:00'),(89,6,89,1,'2015-08-19 00:00:00'),(90,15,90,1,'2015-08-19 00:00:00'),(91,6,91,1,'2015-08-19 00:00:00'),(92,14,92,1,'2015-08-19 00:00:00'),(93,17,93,1,'2015-08-19 00:00:00'),(94,6,94,1,'2015-08-19 00:00:00'),(95,9,95,1,'2015-08-19 00:00:00'),(96,4,96,1,'2015-08-19 00:00:00'),(97,12,97,1,'2015-08-19 00:00:00'),(98,16,98,1,'2015-08-19 00:00:00'),(99,9,99,1,'2015-08-19 00:00:00'),(100,9,100,1,'2015-08-19 00:00:00'),(101,9,101,1,'2015-08-19 00:00:00'),(102,9,102,1,'2015-08-19 00:00:00'),(103,15,103,1,'2015-08-19 00:00:00'),(104,3,104,1,'2015-08-19 00:00:00'),(105,3,105,1,'2015-08-19 00:00:00'),(106,8,106,1,'2015-08-19 00:00:00'),(107,8,107,1,'2015-08-19 00:00:00'),(108,8,108,1,'2015-08-19 00:00:00'),(109,8,109,1,'2015-08-19 00:00:00'),(110,10,110,1,'2015-08-19 00:00:00'),(111,10,111,1,'2015-08-19 00:00:00'),(112,10,112,1,'2015-08-19 00:00:00'),(113,13,113,1,'2015-08-19 00:00:00'),(114,6,114,1,'2015-08-19 00:00:00'),(115,6,115,1,'2015-08-19 00:00:00'),(116,6,116,1,'2015-08-19 00:00:00'),(117,6,117,1,'2015-08-19 00:00:00'),(118,6,118,1,'2015-08-19 00:00:00'),(119,6,119,1,'2015-08-19 00:00:00'),(120,6,120,1,'2015-08-19 00:00:00'),(121,6,121,1,'2015-08-19 00:00:00'),(122,6,122,1,'2015-08-19 00:00:00'),(123,6,123,1,'2015-08-19 00:00:00'),(124,15,124,1,'2015-08-19 00:00:00'),(125,8,125,1,'2015-08-19 00:00:00'),(126,6,126,1,'2015-08-19 00:00:00'),(127,6,127,1,'2015-08-19 00:00:00'),(128,24,128,1,'2015-08-19 00:00:00'),(129,6,129,1,'2015-08-19 00:00:00'),(130,24,130,1,'2015-08-19 00:00:00'),(131,18,131,1,'2015-08-19 00:00:00'),(132,14,132,1,'2015-08-19 00:00:00'),(133,6,133,1,'2015-08-19 00:00:00'),(134,24,134,1,'2015-08-19 00:00:00'),(135,6,135,1,'2015-08-19 00:00:00'),(136,6,136,1,'2015-08-19 00:00:00'),(137,6,137,1,'2015-08-19 00:00:00'),(138,5,138,1,'2015-08-19 00:00:00'),(139,5,139,1,'2015-08-19 00:00:00'),(140,5,140,1,'2015-08-19 00:00:00'),(141,10,141,1,'2015-08-19 00:00:00'),(142,10,142,1,'2015-08-19 00:00:00'),(143,8,143,1,'2015-08-19 00:00:00'),(144,2,144,1,'2015-08-19 00:00:00'),(145,5,145,1,'2015-08-19 00:00:00'),(146,4,146,1,'2015-08-19 00:00:00'),(147,4,147,1,'2015-08-19 00:00:00'),(148,4,148,1,'2015-08-19 00:00:00'),(149,3,149,1,'2015-08-19 00:00:00'),(150,7,150,1,'2015-08-19 00:00:00'),(151,5,151,1,'2015-08-19 00:00:00'),(152,7,152,1,'2015-08-19 00:00:00'),(153,7,153,1,'2015-08-19 00:00:00');
/*!40000 ALTER TABLE `equiposfaenas` ENABLE KEYS */;
UNLOCK TABLES;

--
-- Table structure for table `external_enterprise`
--

DROP TABLE IF EXISTS `external_enterprise`;
/*!40101 SET @saved_cs_client     = @@character_set_client */;
/*!40101 SET character_set_client = utf8 */;
CREATE TABLE `external_enterprise` (
  `id` int(11) NOT NULL AUTO_INCREMENT,
  `enterprise_id` int(11) NOT NULL,
  `operation_id` int(11) NOT NULL,
  `third_code` int(11) DEFAULT NULL,
  `cc` int(11) NOT NULL,
  `name` varchar(45) NOT NULL,
  `active` int(11) NOT NULL,
  `created_by` int(11) NOT NULL,
  `created_at` timestamp NOT NULL DEFAULT CURRENT_TIMESTAMP ON UPDATE CURRENT_TIMESTAMP,
  PRIMARY KEY (`id`),
  UNIQUE KEY `idq_UNIQUE` (`id`),
  KEY `external_enterprise_id_idx` (`enterprise_id`),
  KEY `external_operation_id_idx` (`operation_id`),
  CONSTRAINT `external_enterprise_id` FOREIGN KEY (`enterprise_id`) REFERENCES `enterprise` (`id`) ON DELETE NO ACTION ON UPDATE NO ACTION,
  CONSTRAINT `external_operation_id` FOREIGN KEY (`operation_id`) REFERENCES `operation` (`id`) ON DELETE NO ACTION ON UPDATE NO ACTION
) ENGINE=InnoDB AUTO_INCREMENT=34 DEFAULT CHARSET=utf8;
/*!40101 SET character_set_client = @saved_cs_client */;

--
-- Dumping data for table `external_enterprise`
--

LOCK TABLES `external_enterprise` WRITE;
/*!40000 ALTER TABLE `external_enterprise` DISABLE KEYS */;
INSERT INTO `external_enterprise` VALUES (1,1,19,900,900,'ARAUCO N/A',1,1,'2015-09-16 01:26:04'),(2,1,19,901,900,'ASERVIN N/A',1,1,'2015-09-16 01:26:27'),(3,1,19,902,900,'PRODELIN N/A',0,1,'2015-09-16 01:26:41'),(4,1,19,903,900,'SENAVIN N/A',0,1,'2015-09-16 01:27:18'),(5,1,19,904,900,'ISOTEC N/A',0,1,'2015-09-16 01:27:32'),(6,1,19,905,900,'SOREFOR N/A',0,1,'2015-09-16 01:27:44'),(7,1,19,906,900,'PROMATHER N/A',0,1,'2015-09-16 01:27:53'),(8,1,19,907,900,'I.Q.S. N/A',0,1,'2015-09-16 01:28:06'),(9,1,19,908,900,'NEXXO N/A',0,1,'2015-09-16 01:28:16'),(10,1,19,909,900,'RUPANCO N/A',0,1,'2015-09-16 01:28:26'),(11,1,19,910,900,'ASIR',0,1,'2015-09-16 01:28:37'),(12,1,19,911,900,'TRAMOSIL',0,1,'2015-09-16 01:28:46'),(13,1,19,912,900,'DIMAR',0,1,'2015-09-16 01:28:56'),(14,2,20,913,900,'CMPC MADERAS',1,1,'2015-09-16 01:29:05'),(15,1,19,914,900,'RELONCAVI',1,1,'2015-09-16 01:29:16'),(16,3,21,915,900,'PLANTA ARAUCO',1,1,'2015-09-16 01:29:24'),(17,1,19,916,900,'RESITER N/A',1,1,'2015-09-16 01:29:58'),(18,1,19,917,900,'ISOLA',0,1,'2015-09-16 01:30:08'),(19,1,19,918,900,'JOSE FRITS',1,1,'2015-09-16 01:30:19'),(20,1,19,919,900,'VERONICABELLO',1,1,'2015-09-16 01:30:29'),(21,1,19,920,900,'CIMPROF S.A.',0,1,'2015-09-16 01:30:38'),(22,1,19,921,900,'INTEGRA',1,1,'2015-09-16 01:30:49'),(23,1,19,922,900,'SKSI',0,1,'2015-09-16 01:31:00'),(24,1,19,923,900,'SYN MAULE',0,1,'2015-09-16 01:31:15'),(25,1,19,924,900,'ARAMARK',0,1,'2015-09-16 01:31:30'),(26,1,19,925,900,'ANDRITZ',0,1,'2015-09-16 01:31:43'),(27,1,19,926,900,'VIDALFA',0,1,'2015-09-16 01:31:53'),(28,1,19,927,900,'PROM',1,1,'2015-09-16 01:32:03'),(29,1,19,928,900,'Raúl Díaz',1,1,'2015-09-16 01:32:15'),(30,1,19,929,900,'PROYECMETAL',1,1,'2015-09-16 01:32:25'),(31,1,19,930,900,'ECHEVERRIA IZQUIERDO',1,1,'2015-09-16 01:32:34'),(32,3,21,931,900,'BEZAMAT',1,1,'2015-09-16 01:32:45'),(33,3,21,932,900,'ORLANDO INOSTROZA',1,1,'2015-09-16 01:32:56');
/*!40000 ALTER TABLE `external_enterprise` ENABLE KEYS */;
UNLOCK TABLES;

--
-- Table structure for table `externos`
--

DROP TABLE IF EXISTS `externos`;
/*!40101 SET @saved_cs_client     = @@character_set_client */;
/*!40101 SET character_set_client = utf8 */;
CREATE TABLE `externos` (
  `idExternos` int(11) NOT NULL,
  `idFaena` int(11) DEFAULT NULL,
  `centroCosto` int(11) DEFAULT NULL,
  `codigo` varchar(45) DEFAULT NULL,
  `nombre` varchar(45) DEFAULT NULL,
  `activo` int(11) DEFAULT NULL,
  `creadoPor` int(11) DEFAULT NULL,
  `creadoAt` datetime DEFAULT NULL,
  PRIMARY KEY (`idExternos`),
  KEY `idFaena_idx` (`idFaena`),
  CONSTRAINT `idFaena` FOREIGN KEY (`idFaena`) REFERENCES `faenas` (`idFaena`) ON DELETE NO ACTION ON UPDATE NO ACTION
) ENGINE=InnoDB DEFAULT CHARSET=latin1;
/*!40101 SET character_set_client = @saved_cs_client */;

--
-- Dumping data for table `externos`
--

LOCK TABLES `externos` WRITE;
/*!40000 ALTER TABLE `externos` DISABLE KEYS */;
/*!40000 ALTER TABLE `externos` ENABLE KEYS */;
UNLOCK TABLES;

--
-- Table structure for table `faenas`
--

DROP TABLE IF EXISTS `faenas`;
/*!40101 SET @saved_cs_client     = @@character_set_client */;
/*!40101 SET character_set_client = utf8 */;
CREATE TABLE `faenas` (
  `idFaena` int(11) NOT NULL,
  `idEmpresa` int(11) DEFAULT NULL,
  `areaNegocio` int(11) DEFAULT NULL,
  `nombre` varchar(45) DEFAULT NULL,
  `esExterna` int(11) DEFAULT NULL,
  `idSupervisor` int(11) DEFAULT NULL,
  `idTurnos` int(11) DEFAULT NULL,
  `activo` int(11) DEFAULT NULL,
  `visible` int(11) DEFAULT NULL,
  `creadoPor` int(11) DEFAULT NULL,
  `creadoAt` datetime DEFAULT NULL,
  PRIMARY KEY (`idFaena`),
  KEY `fk_faenas_empresas1_idx` (`idEmpresa`),
  CONSTRAINT `fk_faenas_empresas1` FOREIGN KEY (`idEmpresa`) REFERENCES `empresas` (`idEmpresa`) ON DELETE NO ACTION ON UPDATE NO ACTION
) ENGINE=InnoDB DEFAULT CHARSET=latin1;
/*!40101 SET character_set_client = @saved_cs_client */;

--
-- Dumping data for table `faenas`
--

LOCK TABLES `faenas` WRITE;
/*!40000 ALTER TABLE `faenas` DISABLE KEYS */;
INSERT INTO `faenas` VALUES (1,1,6,'Biomasa Fase 1',0,1,1,1,1,1,'2015-08-17 00:00:00'),(2,1,7,'Movimiento Astillas',0,1,NULL,1,1,1,'2015-08-17 00:00:00'),(3,5,15,'Energía Pacífico Planta San Francisco',0,1,NULL,1,1,1,'2015-08-17 00:00:00'),(4,3,18,'Movimiento Astillas y Biomasa',0,1,NULL,1,1,1,'2015-08-17 00:00:00'),(5,2,19,'ORAFTI',0,1,NULL,1,1,1,'2015-08-17 00:00:00'),(6,1,26,'Planta Nueva Aldea',0,1,NULL,1,1,1,'2015-08-17 00:00:00'),(7,4,30,'Movimiento Rollizos Combustibles',0,1,NULL,1,1,1,'2015-08-17 00:00:00'),(8,3,31,'Planta Celulosa Arauco',0,1,NULL,1,1,1,'2015-08-17 00:00:00'),(9,5,33,'Planta Celulosa Constitución',0,1,NULL,1,1,1,'2015-08-17 00:00:00'),(10,2,34,'Planta Aserradero Bucalemu',0,1,NULL,1,1,1,'2015-08-17 00:00:00'),(11,5,39,'Forestal Celco Terreno',0,1,NULL,1,1,1,'2015-08-17 00:00:00'),(12,4,50,'Planta Térmica N° 2',0,1,NULL,1,1,1,'2015-08-17 00:00:00'),(13,6,52,'Taller Central',0,1,NULL,1,1,1,'2015-08-17 00:00:00'),(14,4,55,'Picador SAALASTI',0,1,NULL,1,1,1,'2015-08-17 00:00:00'),(15,5,59,'Volvo Planta',0,1,NULL,1,1,1,'2015-08-17 00:00:00'),(16,3,72,'Planta Tulsa Colcura',0,1,NULL,1,1,1,'2015-08-17 00:00:00'),(17,2,75,'AES Gener',0,1,NULL,1,1,1,'2015-08-17 00:00:00'),(18,4,76,'Planta Térmica N° 1',0,1,NULL,1,1,1,'2015-08-17 00:00:00'),(19,1,9999,'Externos Nueva Aldea',1,1,NULL,1,1,1,'2015-08-17 00:00:00'),(20,2,9999,'Externos Bucalemu',1,1,NULL,1,1,1,'2015-08-17 00:00:00'),(21,3,9999,'Externos Arauco',1,1,NULL,1,1,1,'2015-08-17 00:00:00'),(22,4,9999,'Externos Trust',1,1,NULL,1,1,1,'2015-08-17 00:00:00'),(23,5,9999,'Externos Constitución',1,1,NULL,1,1,1,'2015-08-17 00:00:00'),(24,6,54,'Oficina Central Concepción',0,1,NULL,1,1,1,'2015-08-18 00:00:00'),(25,1,9999,'Sin Asignar Faena',0,1,1,1,1,1,'0000-00-00 00:00:00');
/*!40000 ALTER TABLE `faenas` ENABLE KEYS */;
UNLOCK TABLES;

--
-- Table structure for table `familias`
--

DROP TABLE IF EXISTS `familias`;
/*!40101 SET @saved_cs_client     = @@character_set_client */;
/*!40101 SET character_set_client = utf8 */;
CREATE TABLE `familias` (
  `idFamilia` int(11) NOT NULL,
  `codigo` varchar(45) CHARACTER SET utf8 COLLATE utf8_unicode_ci DEFAULT NULL,
  `nombre` varchar(45) CHARACTER SET utf8 COLLATE utf8_unicode_ci DEFAULT NULL,
  `creadoPor` int(11) DEFAULT NULL,
  `creadoAt` datetime DEFAULT NULL,
  PRIMARY KEY (`idFamilia`)
) ENGINE=InnoDB DEFAULT CHARSET=latin1;
/*!40101 SET character_set_client = @saved_cs_client */;

--
-- Dumping data for table `familias`
--

LOCK TABLES `familias` WRITE;
/*!40000 ALTER TABLE `familias` DISABLE KEYS */;
INSERT INTO `familias` VALUES (1,'GRP','Grúas Pluma',1,'2015-08-17 00:00:00'),(2,'GRC','Grúas sobre camión',1,'2015-08-17 00:00:00'),(3,'GRH','Grúas Horquilla',1,'2015-08-17 00:00:00'),(4,'CRG','Cargadores',1,'2015-08-17 00:00:00'),(5,'TRT','Tractores',1,'2015-08-17 00:00:00'),(6,'REM','Remolques',1,'2015-08-17 00:00:00'),(7,'VHA','Vehículos de Apoyo',1,'2015-08-17 00:00:00'),(8,'IMP','Implementos',1,'2015-08-17 00:00:00');
/*!40000 ALTER TABLE `familias` ENABLE KEYS */;
UNLOCK TABLES;

--
-- Table structure for table `fuel_dispenser`
--

DROP TABLE IF EXISTS `fuel_dispenser`;
/*!40101 SET @saved_cs_client     = @@character_set_client */;
/*!40101 SET character_set_client = utf8 */;
CREATE TABLE `fuel_dispenser` (
  `id` int(11) NOT NULL AUTO_INCREMENT,
  `ubication_id` int(11) NOT NULL,
  `name` varchar(45) NOT NULL,
  `capacity` int(11) NOT NULL,
  `type_fuel_dispenser_id` int(11) NOT NULL,
  `equipment_id` int(11) DEFAULT NULL,
  `internal` int(11) NOT NULL,
  `administration` int(11) NOT NULL,
  `require_counter` int(11) NOT NULL,
  `require_liters` int(11) NOT NULL,
  `created_by` int(11) NOT NULL,
  `created_at` datetime NOT NULL,
  PRIMARY KEY (`id`),
  UNIQUE KEY `id_UNIQUE` (`id`)
) ENGINE=InnoDB AUTO_INCREMENT=5 DEFAULT CHARSET=utf8;
/*!40101 SET character_set_client = @saved_cs_client */;

--
-- Dumping data for table `fuel_dispenser`
--

LOCK TABLES `fuel_dispenser` WRITE;
/*!40000 ALTER TABLE `fuel_dispenser` DISABLE KEYS */;
INSERT INTO `fuel_dispenser` VALUES (1,8,'Dispensador Planta',30000,1,0,0,0,0,1,1,'2015-09-08 19:09:36'),(2,8,'Camión dispensador Serfocol',3200,3,2,1,1,1,1,1,'2015-09-08 19:33:13'),(3,8,'Tarjeta TCT',999999,5,0,0,0,0,1,1,'2015-09-08 19:49:15'),(4,8,'Estanque dispensador Serfocol',0,6,0,1,1,0,1,1,'2015-09-08 19:49:15');
/*!40000 ALTER TABLE `fuel_dispenser` ENABLE KEYS */;
UNLOCK TABLES;

--
-- Table structure for table `fuel_purchase`
--

DROP TABLE IF EXISTS `fuel_purchase`;
/*!40101 SET @saved_cs_client     = @@character_set_client */;
/*!40101 SET character_set_client = utf8 */;
CREATE TABLE `fuel_purchase` (
  `id` int(11) NOT NULL AUTO_INCREMENT,
  `enterprise_id` int(11) NOT NULL,
  `operation_id` int(11) NOT NULL,
  `load_date` datetime NOT NULL,
  `order_number` int(11) NOT NULL,
  `bill_number` int(11) DEFAULT NULL,
  `provider_id` int(11) DEFAULT NULL,
  `fuel_dispenser_id` int(11) NOT NULL,
  `concept_id` int(11) NOT NULL,
  `liters` int(11) NOT NULL,
  `net_price` decimal(10,5) DEFAULT NULL,
  `net_value` int(11) DEFAULT NULL,
  `fuel_tax` int(11) DEFAULT NULL,
  `tax` int(11) DEFAULT NULL,
  `total_amount` int(11) DEFAULT NULL,
  `created_by` int(11) NOT NULL,
  `created_at` datetime NOT NULL,
  PRIMARY KEY (`id`),
  UNIQUE KEY `id_UNIQUE` (`id`),
  KEY `concept_idx` (`concept_id`),
  CONSTRAINT `concept_id` FOREIGN KEY (`concept_id`) REFERENCES `concept` (`id`) ON DELETE NO ACTION ON UPDATE NO ACTION
) ENGINE=InnoDB AUTO_INCREMENT=24 DEFAULT CHARSET=utf8;
/*!40101 SET character_set_client = @saved_cs_client */;

--
-- Dumping data for table `fuel_purchase`
--

LOCK TABLES `fuel_purchase` WRITE;
/*!40000 ALTER TABLE `fuel_purchase` DISABLE KEYS */;
INSERT INTO `fuel_purchase` VALUES (22,3,8,'2015-09-09 00:00:00',58587,64747,3,1,1,15000,337.56469,5063470,991508,962059,7017038,1,'2015-09-09 15:23:39'),(23,3,8,'2015-09-09 00:00:00',686,47,3,1,1,15000,337.56469,5063470,991508,962059,7017038,1,'2015-09-09 15:31:46');
/*!40000 ALTER TABLE `fuel_purchase` ENABLE KEYS */;
UNLOCK TABLES;

--
-- Table structure for table `job_title`
--

DROP TABLE IF EXISTS `job_title`;
/*!40101 SET @saved_cs_client     = @@character_set_client */;
/*!40101 SET character_set_client = utf8 */;
CREATE TABLE `job_title` (
  `id` int(11) NOT NULL AUTO_INCREMENT,
  `code` varchar(45) DEFAULT NULL,
  `name` varchar(45) DEFAULT NULL,
  `created_by` int(11) DEFAULT NULL,
  `created_at` datetime DEFAULT NULL,
  PRIMARY KEY (`id`),
  UNIQUE KEY `id_UNIQUE` (`id`)
) ENGINE=InnoDB AUTO_INCREMENT=85 DEFAULT CHARSET=utf8;
/*!40101 SET character_set_client = @saved_cs_client */;

--
-- Dumping data for table `job_title`
--

LOCK TABLES `job_title` WRITE;
/*!40000 ALTER TABLE `job_title` DISABLE KEYS */;
INSERT INTO `job_title` VALUES (1,'','ADMINISTRADOR',1,'2015-09-09 20:34:00'),(2,'','ADMINISTRATIVO',1,'2015-09-09 20:34:00'),(3,'','ADMINISTRATIVO CONTABLE',1,'2015-09-09 20:34:00'),(4,'','ADMINISTRATIVO DE RRHH',1,'2015-09-09 20:34:00'),(5,'','ASEADOR',1,'2015-09-09 20:34:00'),(6,'','ASEADOR-OPERADOR',1,'2015-09-09 20:34:00'),(7,'','ASISTENTE  PREVENCION RIESGOS',1,'2015-09-09 20:34:00'),(8,'','ASISTENTE ADMINISTRATIVO',1,'2015-09-09 20:34:00'),(9,'','ASISTENTE DE COMPRAS',1,'2015-09-09 20:34:00'),(10,'','ASISTENTE DE CONTROL DE GESTIO',1,'2015-09-09 20:34:00'),(11,'','AYTE. MECANICO ARAUCO',1,'2015-09-09 20:34:00'),(12,'','AYTE.CANCHA Y CHOFER TRACTOR',1,'2015-09-09 20:34:00'),(13,'','AYTE.CANCHA Y OP.DESC.ASTILLAS',1,'2015-09-09 20:34:00'),(14,'','AYTE.MECANICO BIOMASA',1,'2015-09-09 20:34:00'),(15,'','AYUDANTE CANCHA',1,'2015-09-09 20:34:00'),(16,'','AYUDANTE MECANICO',1,'2015-09-09 20:34:00'),(17,'','BANDERILLERO',1,'2015-09-09 20:34:00'),(18,'','BANDERILLERO Y OP.DESC.ASTILLA',1,'2015-09-09 20:34:00'),(19,'','BARREDOR Y AYDTE.MANTENCION',1,'2015-09-09 20:34:00'),(20,'','CAPATAZ',1,'2015-09-09 20:34:00'),(21,'','CHOF.MEC.TRAC Y OP.GRUA ARA',1,'2015-09-09 20:34:00'),(22,'','CHOF.MEC.TRAC Y/O CAMION AR',1,'2015-09-09 20:34:00'),(23,'','CHOFER MEC.TRACTOR ARAUCO',1,'2015-09-09 20:34:00'),(24,'','CHOFER MEC.TRACTOR Y OPER.GRUA',1,'2015-09-09 20:34:00'),(25,'','CHOFER MECANICO DE TRACTOR',1,'2015-09-09 20:34:00'),(26,'','CHOFER TRAS.PERS. Y MECANICO',1,'2015-09-09 20:34:00'),(27,'','CONDUCTOR CAMION COMBUSTIBLE',1,'2015-09-09 20:34:00'),(28,'','CONDUCTOR DE CAMION',1,'2015-09-09 20:34:00'),(29,'','CONDUCTOR DE COMPRAS',1,'2015-09-09 20:34:00'),(30,'','CONTADOR',1,'2015-09-09 20:34:00'),(31,'','DESABOLLADOR - PINTOR',1,'2015-09-09 20:34:00'),(32,'','DESPACHADOR',1,'2015-09-09 20:34:00'),(33,'','DESPACHADOR-OPERARIO CONTROLAD',1,'2015-09-09 20:34:00'),(34,'','DIGITADOR',1,'2015-09-09 20:34:00'),(35,'','ELECTROMECANICO',1,'2015-09-09 20:34:00'),(36,'','ELECTROMECANICO  ARAUCO',1,'2015-09-09 20:34:00'),(37,'','ENCARGADA DE REMUNERACIONES',1,'2015-09-09 20:34:00'),(38,'','ENCARGADO DE COMPRAS',1,'2015-09-09 20:34:00'),(39,'','ENCARGADO DE INFORMATICA',1,'2015-09-09 20:34:00'),(40,'','EXPERTO EN PREVENCION DE RIESG',1,'2015-09-09 20:34:00'),(41,'','GERENTE GENERAL',1,'2015-09-09 20:34:00'),(42,'','GERENTE OPERACIONES',1,'2015-09-09 20:34:00'),(43,'','JEFE DE ABASTECIMIENTO',1,'2015-09-09 20:34:01'),(44,'','JEFE DE CONTABILIDAD',1,'2015-09-09 20:34:01'),(45,'','JEFE DE OPERACIONES',1,'2015-09-09 20:34:01'),(46,'','JEFE DEPTO.PREVENCION',1,'2015-09-09 20:34:01'),(47,'','JEFE GESTION PERSONAS',1,'2015-09-09 20:34:01'),(48,'','JEFE MANTENCION CENTRAL',1,'2015-09-09 20:34:01'),(49,'','JEFE MANTENCION FAENA',1,'2015-09-09 20:34:01'),(50,'','JEFE MANTENCION FAENA ARAUCO',1,'2015-09-09 20:34:01'),(51,'','JEFE TALLER CENTRAL',1,'2015-09-09 20:34:01'),(52,'','JEFE TURNO',1,'2015-09-09 20:34:01'),(53,'','JEFE TURNO ARAUCO',1,'2015-09-09 20:34:01'),(54,'','MECANICO',1,'2015-09-09 20:34:01'),(55,'','MECANICO  ARAUCO',1,'2015-09-09 20:34:01'),(56,'','MECANICO SOLDADOR BIOMASA',1,'2015-09-09 20:34:01'),(57,'','MECANICO TULSA',1,'2015-09-09 20:34:01'),(58,'','OP. MEC.CARGADOR FRONTAL',1,'2015-09-09 20:34:01'),(59,'','OP.G.HORQUILLA Y CARG.FRONTAL',1,'2015-09-09 20:34:01'),(60,'','OP.MEC.CARG.FRONTAL BIOMASA',1,'2015-09-09 20:34:01'),(61,'','OP.MEC.GRUA-CARG.FRONTAL',1,'2015-09-09 20:34:01'),(62,'','OP.MEC.GRUA-CHOF.TRACTOR ARAUC',1,'2015-09-09 20:34:01'),(63,'','OP.MEC.GRUA-OP.CARG.F.ARAUCO',1,'2015-09-09 20:34:01'),(64,'','OPER.GRUA-CONDUC.CAMION',1,'2015-09-09 20:34:01'),(65,'','OPER.MEC. GRUA PTA.ARAUCO',1,'2015-09-09 20:34:01'),(66,'','OPER.MEC.CARG FRONTAL/OP.GRUA',1,'2015-09-09 20:34:01'),(67,'','OPER.MEC.CARG.FRONTAL  TULSA',1,'2015-09-09 20:34:01'),(68,'','OPERADOR BULDOZER',1,'2015-09-09 20:34:01'),(69,'','OPERADOR MECANICO GRUA FAENA',1,'2015-09-09 20:34:01'),(70,'','OPERADOR MECANICO GRUA PLANTA',1,'2015-09-09 20:34:01'),(71,'','OPERADOR MINI CARGADOR',1,'2015-09-09 20:34:01'),(72,'','OPERADOR SILO',1,'2015-09-09 20:34:01'),(73,'','OPERARIO ASEADOR',1,'2015-09-09 20:34:01'),(74,'','OPERARIO CONTROLADOR',1,'2015-09-09 20:34:01'),(75,'','OPERARIO DESCARGADOR ASTILLAS',1,'2015-09-09 20:34:01'),(76,'','OPERARIO TECLE M. CARRO',1,'2015-09-09 20:34:01'),(77,'','PAÑOLERO',1,'2015-09-09 20:34:01'),(78,'','RONDIN',1,'2015-09-09 20:34:01'),(79,'','SECRETARIA',1,'2015-09-09 20:34:01'),(80,'','SOLDADOR',1,'2015-09-09 20:34:01'),(81,'','SOLDADOR - MECANICO',1,'2015-09-09 20:34:01'),(82,'','SUB GERENTE ADMINIST.Y FINANZA',1,'2015-09-09 20:34:01'),(83,'','SUB GERENTE OPERACIONES',1,'2015-09-09 20:34:01'),(84,'','SUPERVISOR',1,'2015-09-09 20:34:05');
/*!40000 ALTER TABLE `job_title` ENABLE KEYS */;
UNLOCK TABLES;

--
-- Table structure for table `load_fuel_dispenser`
--

DROP TABLE IF EXISTS `load_fuel_dispenser`;
/*!40101 SET @saved_cs_client     = @@character_set_client */;
/*!40101 SET character_set_client = utf8 */;
CREATE TABLE `load_fuel_dispenser` (
  `id` int(11) NOT NULL AUTO_INCREMENT,
  `enterprise_id` int(11) NOT NULL,
  `operation_id` int(11) NOT NULL,
  `load_date` datetime NOT NULL,
  `order_number` int(11) NOT NULL,
  `origin_dispenser_id` int(11) NOT NULL,
  `destination_dispenser_id` int(11) NOT NULL,
  `concept_id` int(11) NOT NULL,
  `operator_id` int(11) NOT NULL,
  `work_shift_id` int(11) NOT NULL,
  `liters` int(11) NOT NULL,
  `counter` int(11) NOT NULL,
  `hour_meter` int(11) NOT NULL,
  `created_by` int(11) NOT NULL,
  `created_at` int(11) NOT NULL,
  PRIMARY KEY (`id`),
  UNIQUE KEY `id_UNIQUE` (`id`)
) ENGINE=InnoDB AUTO_INCREMENT=2 DEFAULT CHARSET=utf8;
/*!40101 SET character_set_client = @saved_cs_client */;

--
-- Dumping data for table `load_fuel_dispenser`
--

LOCK TABLES `load_fuel_dispenser` WRITE;
/*!40000 ALTER TABLE `load_fuel_dispenser` DISABLE KEYS */;
INSERT INTO `load_fuel_dispenser` VALUES (1,3,8,'2015-09-11 00:00:00',3333,1,2,2,3,1,5000,2222222,33333,1,2015);
/*!40000 ALTER TABLE `load_fuel_dispenser` ENABLE KEYS */;
UNLOCK TABLES;

--
-- Table structure for table `load_fuel_equipment`
--

DROP TABLE IF EXISTS `load_fuel_equipment`;
/*!40101 SET @saved_cs_client     = @@character_set_client */;
/*!40101 SET character_set_client = utf8 */;
CREATE TABLE `load_fuel_equipment` (
  `id` int(11) NOT NULL AUTO_INCREMENT,
  `enterprise_id` int(11) NOT NULL,
  `operation_id` int(11) NOT NULL,
  `equipment_id` int(11) NOT NULL,
  `operator_id` int(11) NOT NULL,
  `work_shift_id` int(11) NOT NULL,
  `dispenser_id` int(11) NOT NULL,
  `ubication_id` int(11) DEFAULT NULL,
  `responsable_id` int(11) DEFAULT NULL,
  `concept_id` varchar(45) NOT NULL,
  `liters` int(11) NOT NULL,
  `counter` int(11) NOT NULL,
  `hour_meter` int(11) NOT NULL,
  `load_date` datetime NOT NULL,
  `created_by` int(11) NOT NULL,
  `created_at` datetime NOT NULL,
  PRIMARY KEY (`id`),
  UNIQUE KEY `id_UNIQUE` (`id`)
) ENGINE=InnoDB AUTO_INCREMENT=4 DEFAULT CHARSET=utf8;
/*!40101 SET character_set_client = @saved_cs_client */;

--
-- Dumping data for table `load_fuel_equipment`
--

LOCK TABLES `load_fuel_equipment` WRITE;
/*!40000 ALTER TABLE `load_fuel_equipment` DISABLE KEYS */;
INSERT INTO `load_fuel_equipment` VALUES (1,3,8,1,1,1,1,1,1,'2',1500,2000,2001,'2015-09-14 19:59:42',1,'2015-09-14 19:59:42'),(2,3,8,2,3,1,1,NULL,NULL,'2',43555,765756,756,'2015-09-15 00:00:00',1,'2015-09-15 15:40:45'),(3,3,8,4,6,1,2,NULL,NULL,'2',5666,665566,778877,'2015-09-15 00:00:00',1,'2015-09-15 15:42:09');
/*!40000 ALTER TABLE `load_fuel_equipment` ENABLE KEYS */;
UNLOCK TABLES;

--
-- Table structure for table `locations`
--

DROP TABLE IF EXISTS `locations`;
/*!40101 SET @saved_cs_client     = @@character_set_client */;
/*!40101 SET character_set_client = utf8 */;
CREATE TABLE `locations` (
  `id` int(11) NOT NULL AUTO_INCREMENT,
  `enterprise_id` int(11) DEFAULT NULL,
  `operation_id` int(11) NOT NULL,
  `code` varchar(45) DEFAULT NULL,
  `name` varchar(45) NOT NULL,
  `active` int(11) NOT NULL,
  `created_by` int(11) NOT NULL,
  `created_at` datetime NOT NULL,
  `updated_at` datetime NOT NULL,
  PRIMARY KEY (`id`),
  UNIQUE KEY `id_UNIQUE` (`id`),
  KEY `locations_enterprise_id_idx` (`enterprise_id`),
  KEY `locations_operation_id_idx` (`operation_id`),
  CONSTRAINT `locations_enterprise_id` FOREIGN KEY (`enterprise_id`) REFERENCES `enterprise` (`id`) ON DELETE NO ACTION ON UPDATE NO ACTION,
  CONSTRAINT `locations_operation_id` FOREIGN KEY (`operation_id`) REFERENCES `operation` (`id`) ON DELETE NO ACTION ON UPDATE NO ACTION
) ENGINE=InnoDB AUTO_INCREMENT=7 DEFAULT CHARSET=utf8;
/*!40101 SET character_set_client = @saved_cs_client */;

--
-- Dumping data for table `locations`
--

LOCK TABLES `locations` WRITE;
/*!40000 ALTER TABLE `locations` DISABLE KEYS */;
INSERT INTO `locations` VALUES (1,3,8,'M-MAD','M-MAD',1,1,'2015-09-25 18:47:49','2015-09-25 18:47:49'),(2,3,8,'L-P','L-P',1,1,'2015-09-25 18:47:49','2015-09-25 18:47:49'),(3,3,8,'ADM','ADM',1,1,'2015-09-25 18:47:49','2015-09-25 18:47:49'),(4,3,8,'CANCHA','CANCHA',1,1,'2015-09-25 18:47:49','2015-09-25 18:47:49'),(5,3,8,'T-INT','T-INT',1,1,'2015-09-25 18:47:49','2015-09-25 18:47:49'),(6,3,8,'EXT','EXT',1,1,'2015-09-25 18:47:51','2015-09-25 18:47:51');
/*!40000 ALTER TABLE `locations` ENABLE KEYS */;
UNLOCK TABLES;

--
-- Table structure for table `logcargadispensadores`
--

DROP TABLE IF EXISTS `logcargadispensadores`;
/*!40101 SET @saved_cs_client     = @@character_set_client */;
/*!40101 SET character_set_client = utf8 */;
CREATE TABLE `logcargadispensadores` (
  `idlogcargadispensadores` int(11) NOT NULL AUTO_INCREMENT,
  `idEmpresas` int(11) DEFAULT NULL,
  `idFaenas` int(11) DEFAULT NULL,
  `fechaCarga` datetime DEFAULT NULL,
  `numFactura` int(11) DEFAULT NULL,
  `idProveedores` int(11) DEFAULT NULL,
  `IdDispensadorOrigen` int(11) DEFAULT NULL,
  `idConcepto` int(11) DEFAULT NULL,
  `idDispensadorDestino` int(11) DEFAULT NULL,
  `contador` int(11) DEFAULT NULL,
  `litros` int(11) DEFAULT NULL,
  `numPedido` int(11) DEFAULT NULL,
  `precioNeto` int(11) DEFAULT NULL,
  `valorNeto` int(11) DEFAULT NULL,
  `ImpuestoEspecifico` int(11) DEFAULT NULL,
  `iva` int(11) DEFAULT NULL,
  `montoTotal` int(11) DEFAULT NULL,
  `createdAt` datetime DEFAULT NULL,
  PRIMARY KEY (`idlogcargadispensadores`),
  UNIQUE KEY `idlogCargaDispensadores_UNIQUE` (`idlogcargadispensadores`),
  KEY `idConceptosCargas_idx` (`idConcepto`),
  CONSTRAINT `idConceptosCargas` FOREIGN KEY (`idConcepto`) REFERENCES `conceptoscargas` (`idConceptosCargas`) ON DELETE NO ACTION ON UPDATE NO ACTION
) ENGINE=InnoDB AUTO_INCREMENT=3 DEFAULT CHARSET=latin1;
/*!40101 SET character_set_client = @saved_cs_client */;

--
-- Dumping data for table `logcargadispensadores`
--

LOCK TABLES `logcargadispensadores` WRITE;
/*!40000 ALTER TABLE `logcargadispensadores` DISABLE KEYS */;
INSERT INTO `logcargadispensadores` VALUES (2,3,8,'2015-09-04 20:29:31',445566,3,1,1,1,0,5500,2122212,20000,22000,2200,22222,27000,'2015-09-04 20:29:31');
/*!40000 ALTER TABLE `logcargadispensadores` ENABLE KEYS */;
UNLOCK TABLES;

--
-- Table structure for table `logcargascamion`
--

DROP TABLE IF EXISTS `logcargascamion`;
/*!40101 SET @saved_cs_client     = @@character_set_client */;
/*!40101 SET character_set_client = utf8 */;
CREATE TABLE `logcargascamion` (
  `idlogSaldosCamion` int(11) NOT NULL,
  `idEmpresas` int(11) DEFAULT NULL,
  `idFaenas` int(11) DEFAULT NULL,
  `fechaCarga` datetime DEFAULT NULL,
  `numGuia` int(11) DEFAULT NULL,
  `idDispensadorOrigen` int(11) DEFAULT NULL,
  `idDispensadorDestino` int(11) DEFAULT NULL,
  `idConcepto` int(11) DEFAULT NULL,
  `idOperador` int(11) DEFAULT NULL,
  `idTurno` int(11) DEFAULT NULL,
  `litros` int(11) DEFAULT NULL,
  `contador` int(11) DEFAULT NULL,
  `horometro` int(11) DEFAULT NULL,
  `creadoPor` int(11) DEFAULT NULL,
  `creadoAt` datetime DEFAULT NULL,
  PRIMARY KEY (`idlogSaldosCamion`),
  UNIQUE KEY `idlogSaldosCamion_UNIQUE` (`idlogSaldosCamion`)
) ENGINE=InnoDB DEFAULT CHARSET=latin1;
/*!40101 SET character_set_client = @saved_cs_client */;

--
-- Dumping data for table `logcargascamion`
--

LOCK TABLES `logcargascamion` WRITE;
/*!40000 ALTER TABLE `logcargascamion` DISABLE KEYS */;
/*!40000 ALTER TABLE `logcargascamion` ENABLE KEYS */;
UNLOCK TABLES;

--
-- Table structure for table `logcargasequipos`
--

DROP TABLE IF EXISTS `logcargasequipos`;
/*!40101 SET @saved_cs_client     = @@character_set_client */;
/*!40101 SET character_set_client = utf8 */;
CREATE TABLE `logcargasequipos` (
  `idlogCargasEquipos` int(11) NOT NULL,
  `idEmpresas` int(11) DEFAULT NULL,
  `idFaenas` int(11) DEFAULT NULL,
  `idEquipos` int(11) DEFAULT NULL,
  `idOperador` int(11) DEFAULT NULL,
  `idTurnos` int(11) DEFAULT NULL,
  `idDispensador` int(11) DEFAULT NULL,
  `idUbicacion` int(11) DEFAULT NULL,
  `idResponsable` int(11) DEFAULT NULL,
  `litrosCargados` int(11) DEFAULT NULL,
  `contador` int(11) DEFAULT NULL,
  `horometro` int(11) DEFAULT NULL,
  `fechaCarga` datetime DEFAULT NULL,
  `creadoPor` int(11) DEFAULT NULL,
  `creadoAt` datetime DEFAULT NULL,
  PRIMARY KEY (`idlogCargasEquipos`)
) ENGINE=InnoDB DEFAULT CHARSET=latin1;
/*!40101 SET character_set_client = @saved_cs_client */;

--
-- Dumping data for table `logcargasequipos`
--

LOCK TABLES `logcargasequipos` WRITE;
/*!40000 ALTER TABLE `logcargasequipos` DISABLE KEYS */;
/*!40000 ALTER TABLE `logcargasequipos` ENABLE KEYS */;
UNLOCK TABLES;

--
-- Table structure for table `logequiposfaenas`
--

DROP TABLE IF EXISTS `logequiposfaenas`;
/*!40101 SET @saved_cs_client     = @@character_set_client */;
/*!40101 SET character_set_client = utf8 */;
CREATE TABLE `logequiposfaenas` (
  `idlogEquiposFaenas` int(11) NOT NULL,
  `idEmpresaAnterior` int(11) DEFAULT NULL,
  `idEmpresaActual` int(11) DEFAULT NULL,
  `idFaenaAnterior` int(11) DEFAULT NULL,
  `idFaenaActual` int(11) DEFAULT NULL,
  `idEquipo` int(11) DEFAULT NULL,
  `creadoPor` int(11) DEFAULT NULL,
  `creadoAt` datetime DEFAULT NULL,
  PRIMARY KEY (`idlogEquiposFaenas`)
) ENGINE=InnoDB DEFAULT CHARSET=latin1;
/*!40101 SET character_set_client = @saved_cs_client */;

--
-- Dumping data for table `logequiposfaenas`
--

LOCK TABLES `logequiposfaenas` WRITE;
/*!40000 ALTER TABLE `logequiposfaenas` DISABLE KEYS */;
/*!40000 ALTER TABLE `logequiposfaenas` ENABLE KEYS */;
UNLOCK TABLES;

--
-- Table structure for table `logsaldosdispensador`
--

DROP TABLE IF EXISTS `logsaldosdispensador`;
/*!40101 SET @saved_cs_client     = @@character_set_client */;
/*!40101 SET character_set_client = utf8 */;
CREATE TABLE `logsaldosdispensador` (
  `idSaldos` int(11) NOT NULL,
  `idFaena` int(11) DEFAULT NULL,
  `idDispensador` int(11) DEFAULT NULL,
  `saldoInicial` int(11) DEFAULT NULL,
  `saldoActual` int(11) DEFAULT NULL,
  `capacidad` int(11) DEFAULT NULL,
  `fechaSaldo` datetime DEFAULT NULL,
  `creadoPor` int(11) DEFAULT NULL,
  `creadoAt` datetime DEFAULT NULL,
  PRIMARY KEY (`idSaldos`),
  UNIQUE KEY `idSaldos_UNIQUE` (`idSaldos`)
) ENGINE=InnoDB DEFAULT CHARSET=latin1;
/*!40101 SET character_set_client = @saved_cs_client */;

--
-- Dumping data for table `logsaldosdispensador`
--

LOCK TABLES `logsaldosdispensador` WRITE;
/*!40000 ALTER TABLE `logsaldosdispensador` DISABLE KEYS */;
/*!40000 ALTER TABLE `logsaldosdispensador` ENABLE KEYS */;
UNLOCK TABLES;

--
-- Table structure for table `marcas`
--

DROP TABLE IF EXISTS `marcas`;
/*!40101 SET @saved_cs_client     = @@character_set_client */;
/*!40101 SET character_set_client = utf8 */;
CREATE TABLE `marcas` (
  `idMarca` int(11) NOT NULL,
  `codigo` varchar(45) DEFAULT NULL,
  `nombre` varchar(45) DEFAULT NULL,
  `creadoPor` int(11) DEFAULT NULL,
  `creadoAt` datetime DEFAULT NULL,
  PRIMARY KEY (`idMarca`)
) ENGINE=InnoDB DEFAULT CHARSET=latin1;
/*!40101 SET character_set_client = @saved_cs_client */;

--
-- Dumping data for table `marcas`
--

LOCK TABLES `marcas` WRITE;
/*!40000 ALTER TABLE `marcas` DISABLE KEYS */;
INSERT INTO `marcas` VALUES (1,'','American Lincoln',1,'2015-08-17 00:00:00'),(2,'','Atlas Copco',1,'2015-08-17 00:00:00'),(3,'','Barko',1,'2015-08-17 00:00:00'),(4,'','Caburga',1,'2015-08-17 00:00:00'),(5,'','Case',1,'2015-08-17 00:00:00'),(6,'','Caterpillar',1,'2015-08-17 00:00:00'),(7,'','Continental',1,'2015-08-17 00:00:00'),(8,'','Ford',1,'2015-08-17 00:00:00'),(9,'','Freightliner',1,'2015-08-17 00:00:00'),(10,'','Goren',1,'2015-08-17 00:00:00'),(11,'','Hechizo',1,'2015-08-17 00:00:00'),(12,'','Hino',1,'2015-08-17 00:00:00'),(13,'','Hyster',1,'2015-08-17 00:00:00'),(14,'','Hyundai',1,'2015-08-17 00:00:00'),(15,'','Internacional',1,'2015-08-17 00:00:00'),(16,'','Iveco',1,'2015-08-17 00:00:00'),(17,'','John Deere',1,'2015-08-17 00:00:00'),(18,'','Kaeser',1,'2015-08-17 00:00:00'),(19,'','Komatsu',1,'2015-08-17 00:00:00'),(20,'','Liebherr',1,'2015-08-17 00:00:00'),(21,'','Linde',1,'2015-08-17 00:00:00'),(22,'','Mazda',1,'2015-08-17 00:00:00'),(23,'','Mercedes Benz',1,'2015-08-17 00:00:00'),(24,'','Nissan',1,'2015-08-17 00:00:00'),(25,'','Randon',1,'2015-08-17 00:00:00'),(26,'','Rocongu',1,'2015-08-17 00:00:00'),(27,'','Trayers',1,'2015-08-17 00:00:00'),(28,'','Tremac',1,'2015-08-17 00:00:00'),(29,'','Villalta',1,'2015-08-17 00:00:00'),(30,'','Volkswagen',1,'2015-08-17 00:00:00'),(31,'','Volvo',1,'2015-08-17 00:00:00'),(32,'','Witco Challenger',1,'2015-08-17 00:00:00'),(33,'','Fiat',1,'2015-08-18 00:00:00'),(34,'','Sin Marca',1,'2015-08-18 00:00:00');
/*!40000 ALTER TABLE `marcas` ENABLE KEYS */;
UNLOCK TABLES;

--
-- Table structure for table `model`
--

DROP TABLE IF EXISTS `model`;
/*!40101 SET @saved_cs_client     = @@character_set_client */;
/*!40101 SET character_set_client = utf8 */;
CREATE TABLE `model` (
  `id` int(11) NOT NULL AUTO_INCREMENT,
  `brand_id` int(11) NOT NULL,
  `code` varchar(45) DEFAULT NULL,
  `name` varchar(45) NOT NULL,
  `created_by` int(11) NOT NULL,
  `created_at` datetime NOT NULL,
  PRIMARY KEY (`id`),
  UNIQUE KEY `id_UNIQUE` (`id`),
  KEY `brand_brand_id_fk_idx` (`brand_id`),
  CONSTRAINT `brand_brand_id_fk` FOREIGN KEY (`brand_id`) REFERENCES `brand` (`id`) ON DELETE NO ACTION ON UPDATE NO ACTION
) ENGINE=InnoDB AUTO_INCREMENT=95 DEFAULT CHARSET=utf8;
/*!40101 SET character_set_client = @saved_cs_client */;

--
-- Dumping data for table `model`
--

LOCK TABLES `model` WRITE;
/*!40000 ALTER TABLE `model` DISABLE KEYS */;
INSERT INTO `model` VALUES (1,1,'','MPV60LP',1,'2015-09-14 15:04:33'),(2,2,'','XAS97',1,'2015-09-14 15:04:33'),(3,3,'','275-B',1,'2015-09-14 15:04:33'),(4,3,'','295ML Magnum',1,'2015-09-14 15:04:33'),(5,4,'','RC8',1,'2015-09-14 15:04:33'),(6,4,'','RFCE-10',1,'2015-09-14 15:04:33'),(7,4,'','SRFEC-8',1,'2015-09-14 15:04:33'),(8,5,'','Puma 155FWD CAB',1,'2015-09-14 15:04:33'),(9,5,'','Puma 210 FWD CAB',1,'2015-09-14 15:04:33'),(10,6,'','236B2',1,'2015-09-14 15:04:33'),(11,6,'','320C',1,'2015-09-14 15:04:33'),(12,6,'','569-ESM',1,'2015-09-14 15:04:33'),(13,6,'','950G',1,'2015-09-14 15:04:33'),(14,6,'','950H',1,'2015-09-14 15:04:33'),(15,6,'','962H',1,'2015-09-14 15:04:33'),(16,6,'','M322D',1,'2015-09-14 15:04:33'),(17,6,'','M322DMHGR',1,'2015-09-14 15:04:33'),(18,6,'','M325DMH',1,'2015-09-14 15:04:33'),(19,7,'','WC349',1,'2015-09-14 15:04:33'),(20,8,'','Cargo 2628E',1,'2015-09-14 15:04:33'),(21,8,'','Cargo 2631',1,'2015-09-14 15:04:33'),(22,8,'','Cargo 915',1,'2015-09-14 15:04:33'),(23,8,'','F-5000',1,'2015-09-14 15:04:33'),(24,9,'','FLD11264SB',1,'2015-09-14 15:04:33'),(25,9,'','FLD11264SD',1,'2015-09-14 15:04:33'),(26,10,'','R 4M 35E 12',1,'2015-09-14 15:04:33'),(27,10,'','R 4M 4012',1,'2015-09-14 15:04:33'),(28,10,'','R2M 18 E7',1,'2015-09-14 15:04:33'),(29,10,'','R3M30E 10.5',1,'2015-09-14 15:04:33'),(30,10,'','R4M 4012',1,'2015-09-14 15:04:33'),(31,11,'','Hechizo',1,'2015-09-14 15:04:33'),(32,12,'','XZU 6.5',1,'2015-09-14 15:04:33'),(33,13,'','H120FTG3',1,'2015-09-14 15:04:33'),(34,13,'','H120XM',1,'2015-09-14 15:04:33'),(35,13,'','H155FT',1,'2015-09-14 15:04:33'),(36,14,'','Porter',1,'2015-09-14 15:04:33'),(37,15,'','9200189',1,'2015-09-14 15:04:33'),(38,16,'','59E12 6.0 CC',1,'2015-09-14 15:04:33'),(39,17,'','6615',1,'2015-09-14 15:04:33'),(40,17,'','6920',1,'2015-09-14 15:04:33'),(41,17,'','7700',1,'2015-09-14 15:04:33'),(42,17,'','6605 MFWD',1,'2015-09-14 15:04:33'),(43,17,'','6615 MFWD',1,'2015-09-14 15:04:33'),(44,17,'','7210J',1,'2015-09-14 15:04:33'),(45,18,'','MOBILAIR M57',1,'2015-09-14 15:04:33'),(46,19,'','PC300-8',1,'2015-09-14 15:04:33'),(47,19,'','PC300LC 7E0',1,'2015-09-14 15:04:33'),(48,19,'','WA320-6',1,'2015-09-14 15:04:33'),(49,20,'','924C1049',1,'2015-09-14 15:04:33'),(50,20,'','A904',1,'2015-09-14 15:04:33'),(51,20,'','A904C HD 1004',1,'2015-09-14 15:04:33'),(52,20,'','A924B',1,'2015-09-14 15:04:33'),(53,20,'','A924B  HD',1,'2015-09-14 15:04:33'),(54,20,'','A924C',1,'2015-09-14 15:04:33'),(55,20,'','A924C 1049',1,'2015-09-14 15:04:33'),(56,20,'','A934C-1006',1,'2015-09-14 15:04:33'),(57,20,'','L550',1,'2015-09-14 15:04:33'),(58,21,'','H 70D',1,'2015-09-14 15:04:33'),(59,22,'','BT50',1,'2015-09-14 15:04:33'),(60,23,'','Sprinter',1,'2015-09-14 15:04:33'),(61,24,'','Terrano AX',1,'2015-09-14 15:04:33'),(62,24,'','Terrano AXS TURBO DSEL 2.5 4X4',1,'2015-09-14 15:04:33'),(63,24,'','Terrano AXS TURBO DSL 4X2',1,'2015-09-14 15:04:33'),(64,24,'','Terrano DXS TURBO DSEL 2.5 4X4',1,'2015-09-14 15:04:33'),(65,24,'','Terrano DXS TURBO DSL 2.5 4X4',1,'2015-09-14 15:04:33'),(66,24,'','Terrano PICK UP DXS',1,'2015-09-14 15:04:33'),(67,25,'','SR BT FL 02 26 D',1,'2015-09-14 15:04:33'),(68,25,'','SR BT FL 02 26 T',1,'2015-09-14 15:04:33'),(69,26,'','Estructural',1,'2015-09-14 15:04:33'),(70,27,'','Chipero',1,'2015-09-14 15:04:33'),(71,28,'','Plano',1,'2015-09-14 15:04:33'),(72,28,'','RTE 7.5',1,'2015-09-14 15:04:33'),(73,29,'','Acoplado',1,'2015-09-14 15:04:33'),(74,30,'','Amarok HIGHLINE',1,'2015-09-14 15:04:33'),(75,30,'','Amarok HIGHLINE 4X4',1,'2015-09-14 15:04:33'),(76,30,'','Amarok TRENDLINE 4X2',1,'2015-09-14 15:04:33'),(77,31,'','L-120C',1,'2015-09-14 15:04:33'),(78,31,'','L-120F',1,'2015-09-14 15:04:33'),(79,31,'','L-150F',1,'2015-09-14 15:04:33'),(80,31,'','L-150G',1,'2015-09-14 15:04:33'),(81,31,'','L-180E',1,'2015-09-14 15:04:33'),(82,31,'','L-180F',1,'2015-09-14 15:04:33'),(83,31,'','L-60E',1,'2015-09-14 15:04:33'),(84,31,'','L-70B',1,'2015-09-14 15:04:33'),(85,31,'','L-90D',1,'2015-09-14 15:04:33'),(86,31,'','L-90E',1,'2015-09-14 15:04:33'),(87,31,'','L-90F',1,'2015-09-14 15:04:33'),(88,32,'','R50T',1,'2015-09-14 15:04:33'),(89,6,'','938K',1,'2015-09-14 15:04:33'),(90,20,'','L542',1,'2015-09-14 15:04:33'),(91,19,'','D65EX-16',1,'2015-09-14 15:04:33'),(92,17,'','724K',1,'2015-09-14 15:04:33'),(93,33,'','Cargo',1,'2015-09-14 15:04:33'),(94,34,'','Sin Modelo',1,'2015-09-14 15:04:44');
/*!40000 ALTER TABLE `model` ENABLE KEYS */;
UNLOCK TABLES;

--
-- Table structure for table `modelos`
--

DROP TABLE IF EXISTS `modelos`;
/*!40101 SET @saved_cs_client     = @@character_set_client */;
/*!40101 SET character_set_client = utf8 */;
CREATE TABLE `modelos` (
  `idModelo` int(11) NOT NULL,
  `idMarca` int(11) DEFAULT NULL,
  `codigo` varchar(45) DEFAULT NULL,
  `nombre` varchar(45) DEFAULT NULL,
  `creadoPor` int(11) DEFAULT NULL,
  `creadoAt` datetime DEFAULT NULL,
  PRIMARY KEY (`idModelo`),
  KEY `fk_modelos_marcas1_idx` (`idMarca`),
  CONSTRAINT `fk_modelos_marcas1` FOREIGN KEY (`idMarca`) REFERENCES `marcas` (`idMarca`) ON DELETE NO ACTION ON UPDATE NO ACTION
) ENGINE=InnoDB DEFAULT CHARSET=latin1;
/*!40101 SET character_set_client = @saved_cs_client */;

--
-- Dumping data for table `modelos`
--

LOCK TABLES `modelos` WRITE;
/*!40000 ALTER TABLE `modelos` DISABLE KEYS */;
INSERT INTO `modelos` VALUES (1,1,'','MPV60LP',1,'2015-08-17 00:00:00'),(2,2,'','XAS97',1,'2015-08-17 00:00:00'),(3,3,'','275-B',1,'2015-08-17 00:00:00'),(4,3,'','295ML Magnum',1,'2015-08-17 00:00:00'),(5,4,'','RC8',1,'2015-08-17 00:00:00'),(6,4,'','RFCE-10',1,'2015-08-17 00:00:00'),(7,4,'','SRFEC-8',1,'2015-08-17 00:00:00'),(8,5,'','Puma 155FWD CAB',1,'2015-08-17 00:00:00'),(9,5,'','Puma 210 FWD CAB',1,'2015-08-17 00:00:00'),(10,6,'','236B2',1,'2015-08-17 00:00:00'),(11,6,'','320C',1,'2015-08-17 00:00:00'),(12,6,'','569-ESM',1,'2015-08-17 00:00:00'),(13,6,'','950G',1,'2015-08-17 00:00:00'),(14,6,'','950H',1,'2015-08-17 00:00:00'),(15,6,'','962H',1,'2015-08-17 00:00:00'),(16,6,'','M322D',1,'2015-08-17 00:00:00'),(17,6,'','M322DMHGR',1,'2015-08-17 00:00:00'),(18,6,'','M325DMH',1,'2015-08-17 00:00:00'),(19,7,'','WC349',1,'2015-08-17 00:00:00'),(20,8,'','Cargo 2628E',1,'2015-08-17 00:00:00'),(21,8,'','Cargo 2631',1,'2015-08-17 00:00:00'),(22,8,'','Cargo 915',1,'2015-08-17 00:00:00'),(23,8,'','F-5000',1,'2015-08-17 00:00:00'),(24,9,'','FLD11264SB',1,'2015-08-17 00:00:00'),(25,9,'','FLD11264SD',1,'2015-08-17 00:00:00'),(26,10,'','R 4M 35E 12',1,'2015-08-17 00:00:00'),(27,10,'','R 4M 4012',1,'2015-08-17 00:00:00'),(28,10,'','R2M 18 E7',1,'2015-08-17 00:00:00'),(29,10,'','R3M30E 10.5',1,'2015-08-17 00:00:00'),(30,10,'','R4M 4012',1,'2015-08-17 00:00:00'),(31,11,'','Hechizo',1,'2015-08-17 00:00:00'),(32,12,'','XZU 6.5',1,'2015-08-17 00:00:00'),(33,13,'','H120FTG3',1,'2015-08-17 00:00:00'),(34,13,'','H120XM',1,'2015-08-17 00:00:00'),(35,13,'','H155FT',1,'2015-08-17 00:00:00'),(36,14,'','Porter',1,'2015-08-17 00:00:00'),(37,15,'','9200189',1,'2015-08-17 00:00:00'),(38,16,'','59E12 6.0 CC',1,'2015-08-17 00:00:00'),(39,17,'','6615',1,'2015-08-17 00:00:00'),(40,17,'','6920',1,'2015-08-17 00:00:00'),(41,17,'','7700',1,'2015-08-17 00:00:00'),(42,17,'','6605 MFWD',1,'2015-08-17 00:00:00'),(43,17,'','6615 MFWD',1,'2015-08-17 00:00:00'),(44,17,'','7210J',1,'2015-08-17 00:00:00'),(45,18,'','MOBILAIR M57',1,'2015-08-17 00:00:00'),(46,19,'','PC300-8',1,'2015-08-17 00:00:00'),(47,19,'','PC300LC 7E0',1,'2015-08-17 00:00:00'),(48,19,'','WA320-6',1,'2015-08-17 00:00:00'),(49,20,'','924C1049',1,'2015-08-17 00:00:00'),(50,20,'','A904',1,'2015-08-17 00:00:00'),(51,20,'','A904C HD 1004',1,'2015-08-17 00:00:00'),(52,20,'','A924B',1,'2015-08-17 00:00:00'),(53,20,'','A924B  HD',1,'2015-08-17 00:00:00'),(54,20,'','A924C',1,'2015-08-17 00:00:00'),(55,20,'','A924C 1049',1,'2015-08-17 00:00:00'),(56,20,'','A934C-1006',1,'2015-08-17 00:00:00'),(57,20,'','L550',1,'2015-08-17 00:00:00'),(58,21,'','H 70D',1,'2015-08-17 00:00:00'),(59,22,'','BT50',1,'2015-08-17 00:00:00'),(60,23,'','Sprinter',1,'2015-08-17 00:00:00'),(61,24,'','Terrano AX',1,'2015-08-17 00:00:00'),(62,24,'','Terrano AXS TURBO DSEL 2.5 4X4',1,'2015-08-17 00:00:00'),(63,24,'','Terrano AXS TURBO DSL 4X2',1,'2015-08-17 00:00:00'),(64,24,'','Terrano DXS TURBO DSEL 2.5 4X4',1,'2015-08-17 00:00:00'),(65,24,'','Terrano DXS TURBO DSL 2.5 4X4',1,'2015-08-17 00:00:00'),(66,24,'','Terrano PICK UP DXS',1,'2015-08-17 00:00:00'),(67,25,'','SR BT FL 02 26 D',1,'2015-08-17 00:00:00'),(68,25,'','SR BT FL 02 26 T',1,'2015-08-17 00:00:00'),(69,26,'','Estructural',1,'2015-08-17 00:00:00'),(70,27,'','Chipero',1,'2015-08-17 00:00:00'),(71,28,'','Plano',1,'2015-08-17 00:00:00'),(72,28,'','RTE 7.5',1,'2015-08-17 00:00:00'),(73,29,'','Acoplado',1,'2015-08-17 00:00:00'),(74,30,'','Amarok HIGHLINE',1,'2015-08-17 00:00:00'),(75,30,'','Amarok HIGHLINE 4X4',1,'2015-08-17 00:00:00'),(76,30,'','Amarok TRENDLINE 4X2',1,'2015-08-17 00:00:00'),(77,31,'','L-120C',1,'2015-08-17 00:00:00'),(78,31,'','L-120F',1,'2015-08-17 00:00:00'),(79,31,'','L-150F',1,'2015-08-17 00:00:00'),(80,31,'','L-150G',1,'2015-08-17 00:00:00'),(81,31,'','L-180E',1,'2015-08-17 00:00:00'),(82,31,'','L-180F',1,'2015-08-17 00:00:00'),(83,31,'','L-60E',1,'2015-08-17 00:00:00'),(84,31,'','L-70B',1,'2015-08-17 00:00:00'),(85,31,'','L-90D',1,'2015-08-17 00:00:00'),(86,31,'','L-90E',1,'2015-08-17 00:00:00'),(87,31,'','L-90F',1,'2015-08-17 00:00:00'),(88,32,'','R50T',1,'2015-08-17 00:00:00'),(89,6,'','938K',1,'2015-08-18 00:00:00'),(90,20,'','L542',1,'2015-08-18 00:00:00'),(91,19,'','D65EX-16',1,'2015-08-18 00:00:00'),(92,17,'','724K',1,'2015-08-18 00:00:00'),(93,33,'','Cargo',1,'2015-08-18 00:00:00'),(94,34,'','Sin Modelo',NULL,NULL);
/*!40000 ALTER TABLE `modelos` ENABLE KEYS */;
UNLOCK TABLES;

--
-- Table structure for table `operation`
--

DROP TABLE IF EXISTS `operation`;
/*!40101 SET @saved_cs_client     = @@character_set_client */;
/*!40101 SET character_set_client = utf8 */;
CREATE TABLE `operation` (
  `id` int(11) NOT NULL AUTO_INCREMENT,
  `enterprise_id` int(11) NOT NULL,
  `business_area` int(11) NOT NULL,
  `name` varchar(45) NOT NULL,
  `external` int(11) NOT NULL,
  `supervisor_id` int(11) NOT NULL,
  `shift_id` int(11) DEFAULT NULL,
  `active` int(11) NOT NULL,
  `visible` int(11) NOT NULL,
  `created_by` int(11) DEFAULT NULL,
  `created_at` datetime DEFAULT NULL,
  PRIMARY KEY (`id`),
  UNIQUE KEY `id_UNIQUE` (`id`),
  KEY `enterprise_id_idx` (`enterprise_id`),
  CONSTRAINT `enterprise_id` FOREIGN KEY (`enterprise_id`) REFERENCES `enterprise` (`id`) ON DELETE NO ACTION ON UPDATE NO ACTION
) ENGINE=InnoDB AUTO_INCREMENT=26 DEFAULT CHARSET=utf8;
/*!40101 SET character_set_client = @saved_cs_client */;

--
-- Dumping data for table `operation`
--

LOCK TABLES `operation` WRITE;
/*!40000 ALTER TABLE `operation` DISABLE KEYS */;
INSERT INTO `operation` VALUES (1,1,6,'Biomasa Fase 1',0,1,1,1,1,1,'2015-09-08 15:46:40'),(2,1,7,'Movimiento Astillas',0,1,1,1,1,1,'2015-09-08 15:46:40'),(3,5,15,'Energía Pacífico Planta San Francisco',0,1,1,1,1,1,'2015-09-08 15:46:40'),(4,3,18,'Movimiento Astillas y Biomasa',0,1,1,1,1,1,'2015-09-08 15:46:40'),(5,2,19,'ORAFTI',0,1,1,1,1,1,'2015-09-08 15:46:40'),(6,1,26,'Planta Nueva Aldea',0,1,1,1,1,1,'2015-09-08 15:46:40'),(7,4,30,'Movimiento Rollizos Combustibles',0,1,1,1,1,1,'2015-09-08 15:46:40'),(8,3,31,'Planta Celulosa Arauco',0,1,1,1,1,1,'2015-09-08 15:46:40'),(9,5,33,'Planta Celulosa Constitución',0,1,1,1,1,1,'2015-09-08 15:46:40'),(10,2,34,'Planta Aserradero Bucalemu',0,1,1,1,1,1,'2015-09-08 15:46:40'),(11,5,39,'Forestal Celco Terreno',0,1,1,1,1,1,'2015-09-08 15:46:40'),(12,4,50,'Planta Térmica N° 2',0,1,1,1,1,1,'2015-09-08 15:46:40'),(13,6,52,'Taller Central',0,1,1,1,1,1,'2015-09-08 15:46:40'),(14,4,55,'Picador SAALASTI',0,1,1,1,1,1,'2015-09-08 15:46:40'),(15,5,59,'Volvo Planta',0,1,1,1,1,1,'2015-09-08 15:46:40'),(16,3,72,'Planta Tulsa Colcura',0,1,1,1,1,1,'2015-09-08 15:46:40'),(17,2,75,'AES Gener',0,1,1,1,1,1,'2015-09-08 15:46:40'),(18,4,76,'Planta Térmica N° 1',0,1,1,1,1,1,'2015-09-08 15:46:40'),(19,1,9999,'Externos Nueva Aldea',1,1,1,1,1,1,'2015-09-08 15:46:40'),(20,2,9999,'Externos Bucalemu',1,1,1,1,1,1,'2015-09-08 15:46:40'),(21,3,9999,'Externos Arauco',1,1,1,1,1,1,'2015-09-08 15:46:40'),(22,4,9999,'Externos Trust',1,1,1,1,1,1,'2015-09-08 15:46:40'),(23,5,9999,'Externos Constitución',1,1,1,1,1,1,'2015-09-08 15:46:40'),(24,6,54,'Oficina Central Concepción',0,1,1,1,1,1,'2015-09-08 15:46:40'),(25,1,9999,'Sin Asignar Faena',0,1,1,0,1,1,'2015-09-08 15:46:43');
/*!40000 ALTER TABLE `operation` ENABLE KEYS */;
UNLOCK TABLES;

--
-- Table structure for table `operation_dispenser`
--

DROP TABLE IF EXISTS `operation_dispenser`;
/*!40101 SET @saved_cs_client     = @@character_set_client */;
/*!40101 SET character_set_client = utf8 */;
CREATE TABLE `operation_dispenser` (
  `id` int(11) NOT NULL AUTO_INCREMENT,
  `operation_id` int(11) NOT NULL,
  `fuel_dispenser_id` int(11) NOT NULL,
  `created_by` int(11) NOT NULL,
  `created_at` datetime NOT NULL,
  PRIMARY KEY (`id`),
  UNIQUE KEY `id_UNIQUE` (`id`),
  KEY `operation_id_idx` (`operation_id`),
  KEY `fuel_dispenser_id_idx` (`fuel_dispenser_id`),
  CONSTRAINT `fuel_dispenser_id` FOREIGN KEY (`fuel_dispenser_id`) REFERENCES `fuel_dispenser` (`id`) ON DELETE NO ACTION ON UPDATE NO ACTION,
  CONSTRAINT `operation_id_fk` FOREIGN KEY (`operation_id`) REFERENCES `operation` (`id`) ON DELETE NO ACTION ON UPDATE NO ACTION
) ENGINE=InnoDB AUTO_INCREMENT=11 DEFAULT CHARSET=utf8;
/*!40101 SET character_set_client = @saved_cs_client */;

--
-- Dumping data for table `operation_dispenser`
--

LOCK TABLES `operation_dispenser` WRITE;
/*!40000 ALTER TABLE `operation_dispenser` DISABLE KEYS */;
INSERT INTO `operation_dispenser` VALUES (1,8,1,1,'2015-09-08 19:16:50'),(2,8,2,1,'2015-09-08 19:34:11'),(5,8,3,1,'2015-09-08 19:49:24'),(7,16,4,1,'2015-09-08 19:50:01'),(8,21,1,1,'2015-09-16 13:36:44'),(9,21,2,1,'2015-09-16 13:39:30'),(10,24,3,1,'2015-09-28 15:22:41');
/*!40000 ALTER TABLE `operation_dispenser` ENABLE KEYS */;
UNLOCK TABLES;

--
-- Table structure for table `operation_provider`
--

DROP TABLE IF EXISTS `operation_provider`;
/*!40101 SET @saved_cs_client     = @@character_set_client */;
/*!40101 SET character_set_client = utf8 */;
CREATE TABLE `operation_provider` (
  `id` int(11) NOT NULL AUTO_INCREMENT,
  `operation_id` int(11) NOT NULL,
  `provider_id` int(11) NOT NULL,
  `created_by` int(11) NOT NULL,
  `created_at` datetime NOT NULL,
  PRIMARY KEY (`id`),
  UNIQUE KEY `id_UNIQUE` (`id`),
  KEY `operation_id_idx` (`operation_id`),
  KEY `provider_id_idx` (`provider_id`),
  CONSTRAINT `operation_id` FOREIGN KEY (`operation_id`) REFERENCES `operation` (`id`) ON DELETE NO ACTION ON UPDATE NO ACTION,
  CONSTRAINT `provider_id` FOREIGN KEY (`provider_id`) REFERENCES `provider` (`id`) ON DELETE NO ACTION ON UPDATE NO ACTION
) ENGINE=InnoDB AUTO_INCREMENT=21 DEFAULT CHARSET=utf8;
/*!40101 SET character_set_client = @saved_cs_client */;

--
-- Dumping data for table `operation_provider`
--

LOCK TABLES `operation_provider` WRITE;
/*!40000 ALTER TABLE `operation_provider` DISABLE KEYS */;
INSERT INTO `operation_provider` VALUES (1,11,1,1,'2015-09-08 18:02:16'),(2,24,2,1,'2015-09-08 18:02:16'),(3,6,3,1,'2015-09-08 18:02:16'),(4,3,3,1,'2015-09-08 18:02:16'),(5,11,3,1,'2015-09-08 18:02:16'),(6,15,3,1,'2015-09-08 18:02:16'),(7,9,3,1,'2015-09-08 18:02:16'),(8,13,3,1,'2015-09-08 18:02:16'),(9,4,3,1,'2015-09-08 18:02:16'),(10,8,3,1,'2015-09-08 18:02:16'),(11,1,3,1,'2015-09-08 18:02:16'),(12,2,3,1,'2015-09-08 18:02:16'),(13,18,3,1,'2015-09-08 18:02:16'),(14,12,3,1,'2015-09-08 18:02:16'),(15,7,3,1,'2015-09-08 18:02:16'),(16,14,3,1,'2015-09-08 18:02:16'),(17,10,4,1,'2015-09-08 18:02:16'),(18,17,4,1,'2015-09-08 18:02:16'),(19,16,4,1,'2015-09-08 18:02:16'),(20,18,5,1,'2015-09-08 18:02:19');
/*!40000 ALTER TABLE `operation_provider` ENABLE KEYS */;
UNLOCK TABLES;

--
-- Table structure for table `operation_work_shift`
--

DROP TABLE IF EXISTS `operation_work_shift`;
/*!40101 SET @saved_cs_client     = @@character_set_client */;
/*!40101 SET character_set_client = utf8 */;
CREATE TABLE `operation_work_shift` (
  `id` int(11) NOT NULL AUTO_INCREMENT,
  `operation_id` int(11) NOT NULL,
  `work_shift_id` int(11) NOT NULL,
  `created_by` int(11) NOT NULL,
  `created_at` datetime NOT NULL,
  PRIMARY KEY (`id`),
  UNIQUE KEY `id_UNIQUE` (`id`),
  KEY `operation_id_idx` (`operation_id`),
  KEY `work_shift_id_idx` (`work_shift_id`),
  CONSTRAINT `work_shift_id` FOREIGN KEY (`work_shift_id`) REFERENCES `work_shift` (`id`) ON DELETE NO ACTION ON UPDATE NO ACTION,
  CONSTRAINT `work_shift_operation_id_fk` FOREIGN KEY (`operation_id`) REFERENCES `operation` (`id`) ON DELETE NO ACTION ON UPDATE NO ACTION
) ENGINE=InnoDB AUTO_INCREMENT=5 DEFAULT CHARSET=utf8;
/*!40101 SET character_set_client = @saved_cs_client */;

--
-- Dumping data for table `operation_work_shift`
--

LOCK TABLES `operation_work_shift` WRITE;
/*!40000 ALTER TABLE `operation_work_shift` DISABLE KEYS */;
INSERT INTO `operation_work_shift` VALUES (1,8,1,1,'2015-09-11 14:39:34'),(2,4,1,1,'2015-09-29 19:04:00'),(3,16,1,1,'2015-09-29 19:04:00'),(4,21,1,1,'2015-09-29 19:04:01');
/*!40000 ALTER TABLE `operation_work_shift` ENABLE KEYS */;
UNLOCK TABLES;

--
-- Table structure for table `owner`
--

DROP TABLE IF EXISTS `owner`;
/*!40101 SET @saved_cs_client     = @@character_set_client */;
/*!40101 SET character_set_client = utf8 */;
CREATE TABLE `owner` (
  `id` int(11) NOT NULL AUTO_INCREMENT,
  `name` varchar(45) NOT NULL,
  `created_by` int(11) NOT NULL,
  `created_at` datetime NOT NULL,
  PRIMARY KEY (`id`),
  UNIQUE KEY `id_UNIQUE` (`id`)
) ENGINE=InnoDB AUTO_INCREMENT=5 DEFAULT CHARSET=utf8;
/*!40101 SET character_set_client = @saved_cs_client */;

--
-- Dumping data for table `owner`
--

LOCK TABLES `owner` WRITE;
/*!40000 ALTER TABLE `owner` DISABLE KEYS */;
INSERT INTO `owner` VALUES (1,'ISAB',1,'2015-09-14 18:56:27'),(2,'Serfocol',1,'2015-09-14 18:56:27'),(3,'Trust',1,'2015-09-14 18:56:27'),(4,'Otros',1,'2015-09-14 18:56:30');
/*!40000 ALTER TABLE `owner` ENABLE KEYS */;
UNLOCK TABLES;

--
-- Table structure for table `permission_role`
--

DROP TABLE IF EXISTS `permission_role`;
/*!40101 SET @saved_cs_client     = @@character_set_client */;
/*!40101 SET character_set_client = utf8 */;
CREATE TABLE `permission_role` (
  `permission_id` int(10) unsigned DEFAULT NULL,
  `role_id` int(10) unsigned DEFAULT NULL
) ENGINE=MyISAM DEFAULT CHARSET=utf8 COLLATE=utf8_unicode_ci;
/*!40101 SET character_set_client = @saved_cs_client */;

--
-- Dumping data for table `permission_role`
--

LOCK TABLES `permission_role` WRITE;
/*!40000 ALTER TABLE `permission_role` DISABLE KEYS */;
/*!40000 ALTER TABLE `permission_role` ENABLE KEYS */;
UNLOCK TABLES;

--
-- Table structure for table `permissions`
--

DROP TABLE IF EXISTS `permissions`;
/*!40101 SET @saved_cs_client     = @@character_set_client */;
/*!40101 SET character_set_client = utf8 */;
CREATE TABLE `permissions` (
  `id` int(11) NOT NULL AUTO_INCREMENT,
  `name` varchar(45) COLLATE utf8_unicode_ci DEFAULT NULL,
  `display_name` varchar(45) COLLATE utf8_unicode_ci DEFAULT NULL,
  `description` varchar(255) COLLATE utf8_unicode_ci DEFAULT NULL,
  `created_at` datetime DEFAULT NULL,
  `updated_at` datetime DEFAULT NULL,
  PRIMARY KEY (`id`)
) ENGINE=MyISAM DEFAULT CHARSET=utf8 COLLATE=utf8_unicode_ci;
/*!40101 SET character_set_client = @saved_cs_client */;

--
-- Dumping data for table `permissions`
--

LOCK TABLES `permissions` WRITE;
/*!40000 ALTER TABLE `permissions` DISABLE KEYS */;
/*!40000 ALTER TABLE `permissions` ENABLE KEYS */;
UNLOCK TABLES;

--
-- Table structure for table `person`
--

DROP TABLE IF EXISTS `person`;
/*!40101 SET @saved_cs_client     = @@character_set_client */;
/*!40101 SET character_set_client = utf8 */;
CREATE TABLE `person` (
  `id` int(11) NOT NULL AUTO_INCREMENT,
  `operation_id` int(11) NOT NULL,
  `job_title_id` int(11) NOT NULL,
  `rut` varchar(45) NOT NULL,
  `dv` char(1) NOT NULL,
  `name` varchar(45) NOT NULL,
  `primary_last_name` varchar(45) DEFAULT NULL,
  `second_last_name` varchar(45) DEFAULT NULL,
  `created_by` int(11) NOT NULL,
  `created_at` datetime NOT NULL,
  PRIMARY KEY (`id`),
  UNIQUE KEY `id_UNIQUE` (`id`),
  KEY `operation_id_idx` (`operation_id`),
  KEY `job_title_job_title_id_fk_idx` (`job_title_id`),
  CONSTRAINT `job_title_job_title_id_fk` FOREIGN KEY (`job_title_id`) REFERENCES `job_title` (`id`) ON DELETE NO ACTION ON UPDATE NO ACTION,
  CONSTRAINT `operation_operation_id_fk` FOREIGN KEY (`operation_id`) REFERENCES `operation` (`id`) ON DELETE NO ACTION ON UPDATE NO ACTION
) ENGINE=InnoDB AUTO_INCREMENT=403 DEFAULT CHARSET=utf8;
/*!40101 SET character_set_client = @saved_cs_client */;

--
-- Dumping data for table `person`
--

LOCK TABLES `person` WRITE;
/*!40000 ALTER TABLE `person` DISABLE KEYS */;
INSERT INTO `person` VALUES (1,24,1,'1','9','Administrador','apellido','',1,'2015-09-09 20:48:01'),(2,6,25,'5388391','5','HECTOR DOMINGO','GAJARDO','VERA',1,'2015-09-09 20:48:01'),(3,8,65,'5516909','8','JUAN BAUTISTA','GODOY','ZAMBRANO',1,'2015-09-09 20:48:01'),(4,13,54,'5855156','2','GERARDO','GARRIDO','ESCALONA',1,'2015-09-09 20:48:01'),(5,15,58,'5944609','6','EDMUNDO JAIME','ROJAS','VERA',1,'2015-09-09 20:48:01'),(6,8,65,'6219637','8','VICTOR REINALDO','NAVARRO','JARA',1,'2015-09-09 20:48:01'),(7,15,58,'6536902','8','RIGOBERTO ANTONIO','RAMIREZ','CACERES',1,'2015-09-09 20:48:01'),(8,6,66,'6656703','6','JUAN BAUTISTA','ESCOBAR','MONSALVES',1,'2015-09-09 20:48:01'),(9,8,65,'6735599','7','LUIS ALBERTO','FLORES','TOLEDO',1,'2015-09-09 20:48:01'),(10,8,36,'6838010','3','EDUARDO MARIANO','SAEZ','VILLEGAS',1,'2015-09-09 20:48:01'),(11,6,25,'6846580','K','HERNAN ENRIQUE','OLIVERA','VELASQUEZ',1,'2015-09-09 20:48:01'),(12,25,72,'6919527','K','HUMBERTO AQUILES','GONZALEZ','BRAVO',1,'2015-09-09 20:48:01'),(13,24,42,'6957304','5','MANUEL ANTONIO','DURAN','URIBE',1,'2015-09-09 20:48:01'),(14,9,49,'7026906','6','ROBERTO ANADOR','BAEZ','RAMIREZ',1,'2015-09-09 20:48:01'),(15,13,31,'7057281','8','IRENIO','ALARCON','ESCARES',1,'2015-09-09 20:48:01'),(16,10,70,'7082580','5','DOMINGO','CHAVARRIA','ALTAMIRANO',1,'2015-09-09 20:48:01'),(17,8,55,'7133565','8','RUBEN ANTONIO','PASTRANA','URRA',1,'2015-09-09 20:48:01'),(18,10,71,'7145142','9','AGUSTIN DELTRANSIT','MONTOYA','MONTOYA',1,'2015-09-09 20:48:01'),(19,6,70,'7159048','8','FELIX HUMBERTO','RIVERO','ALLENDE',1,'2015-09-09 20:48:01'),(20,2,20,'7197816','8','FAVIO MARCELO','CORREA','FERRERA',1,'2015-09-09 20:48:01'),(21,2,75,'7406410','8','PEDRO ANIBAL','FIERRO','ZAPATA',1,'2015-09-09 20:48:01'),(22,9,70,'7454166','6','HECTOR HERNAN','PARADA','GARRIDO',1,'2015-09-09 20:48:01'),(23,6,25,'7675855','7','DANIEL DEL TRANSITO','TORRES','MERINO',1,'2015-09-09 20:48:01'),(24,6,24,'7713987','7','ITALO OMAR','RIQUELME','ASTUDILLO',1,'2015-09-09 20:48:01'),(25,8,65,'7759868','5','ANDRES GERMAN','HIDALGO','PALMA',1,'2015-09-09 20:48:01'),(26,8,65,'7762280','2','FERMIN DEL CARMEN','IBARRA','AGUAYO',1,'2015-09-09 20:48:01'),(27,13,80,'7831507','5','JULIO ERNESTO','PONSS','RIFFO',1,'2015-09-09 20:48:01'),(28,6,15,'7882144','2','MIGUEL ANGEL','GALLEGOS','VERA',1,'2015-09-09 20:48:01'),(29,8,23,'7885576','2','MANUEL JESUS','AREVALO','CISTERNA',1,'2015-09-09 20:48:01'),(30,11,69,'7922496','0','GABRIEL ORLANDO','BASTIAS','NUÑEZ',1,'2015-09-09 20:48:01'),(31,25,75,'7927171','3','CARLOS DEL ROSARIO','DIAZ','MONTECINO',1,'2015-09-09 20:48:01'),(32,13,31,'7956273','4','PATRICIO ORLANDO','RIFFO','ALARCON',1,'2015-09-09 20:48:01'),(33,8,65,'7994732','6','JOSE OSCAR','MENDOZA','ESCARE',1,'2015-09-09 20:48:01'),(34,10,70,'8021741','2','ELOY SEGUNDO','CHAVARRIA','ALTAMIRANO',1,'2015-09-09 20:48:01'),(35,3,68,'8105185','2','SERGIO SEGUNDO','OLIVARES','TRIGO',1,'2015-09-09 20:48:01'),(36,8,65,'8106751','1','JOSE MANUEL','MEDINA','FICA',1,'2015-09-09 20:48:01'),(37,25,74,'8279721','1','CARLOS HAROLD','CASTILLO','DURAN',1,'2015-09-09 20:48:01'),(38,13,77,'8285627','7','VICTOR MANUEL','ESPINAZA','ALVAREZ',1,'2015-09-09 20:48:01'),(39,13,78,'8349463','8','SERGIO ENRIQUE','SARAVIA','TORRES',1,'2015-09-09 20:48:01'),(40,9,52,'8372996','1','JOSE MANUEL','BUSTOS','HERNANDEZ',1,'2015-09-09 20:48:01'),(41,13,78,'8429915','4','LIBRADO DE LA CRUZ','VASQUEZ','VIDAL',1,'2015-09-09 20:48:01'),(42,16,67,'8461522','6','LUPERCIO ENRIQUE','COFRE','PADILLA',1,'2015-09-09 20:48:01'),(43,25,75,'8478892','9','SANTOS DOMINGO','FICA','GUZMAN',1,'2015-09-09 20:48:01'),(44,25,72,'8482910','2','FLORENTINO SEGUNDO','CASTRO','CASTRO',1,'2015-09-09 20:48:01'),(45,25,75,'8507458','K','HIPOLITO ANTONIO','GUTIERREZ','SIERRA',1,'2015-09-09 20:48:01'),(46,2,75,'8587197','8','PEDRO SEGUNDO','PLAZA','SEPULVEDA',1,'2015-09-09 20:48:01'),(47,8,65,'8600331','7','CARLOS FRANCISCO','FIERRO','URRA',1,'2015-09-09 20:48:01'),(48,8,65,'8621019','3','JUAN CARLOS','ESPINOZA','CARVALLO',1,'2015-09-09 20:48:01'),(49,9,70,'8645703','2','LUIS HUMBERTO','PEREIRA','DUARTE',1,'2015-09-09 20:48:01'),(50,4,60,'8737865','9','ADAN ALFONSO','CANCINO','NEIRA',1,'2015-09-09 20:48:01'),(51,8,65,'8849451','2','RODOLFO MAXIMILIANO','DEL RIO','INZUNZA',1,'2015-09-09 20:48:01'),(52,6,70,'8861841','6','LEONARDO BENEDICTO','GARRIDO','ZAPATA',1,'2015-09-09 20:48:01'),(53,15,58,'8872556','5','ANGEL ANTONIO','GARRIDO','GALVEZ',1,'2015-09-09 20:48:01'),(54,9,70,'8942608','1','SERGIO ALEJANDRO','POBLETE','ECHEVERRIA',1,'2015-09-09 20:48:01'),(55,25,75,'9044947','8','LUIS ARNALDO','FUENTES','FLORES',1,'2015-09-09 20:48:01'),(56,8,55,'9067566','4','JAIME OMAR','GAYOSO','SAEZ',1,'2015-09-09 20:48:01'),(57,8,62,'9087036','K','LUIS ARNOLDO','MARIN','NAVARRO',1,'2015-09-09 20:48:01'),(58,8,23,'9143126','2','SERGIO DAVID','ALEGRIA','RETAMAL',1,'2015-09-09 20:48:01'),(59,8,53,'9196042','7','GERARDO ENRIQUE','BELLO','PACHECO',1,'2015-09-09 20:48:01'),(60,8,76,'9224364','8','JOSE RUBEN','ERICES','PACHECO',1,'2015-09-09 20:48:01'),(61,10,70,'9265406','0','PATRICIO EXEQUIEL','RIVERA','OLIVA',1,'2015-09-09 20:48:01'),(62,8,65,'9270994','9','HUGO IVAN','DAZA','VIRA',1,'2015-09-09 20:48:01'),(63,9,45,'9277948','3','MANUEL ANTONIO','FAUNDEZ','MENDOZA',1,'2015-09-09 20:48:01'),(64,8,50,'9294593','6','EDGARDO RENATO','GARCES','MORA',1,'2015-09-09 20:48:01'),(65,10,61,'9301681','5','LUIS ORLANDO','ORTIZ','LOPEZ',1,'2015-09-09 20:48:01'),(66,6,70,'9307294','4','JOSE LUIS','RODRIGUEZ','ALMARZA',1,'2015-09-09 20:48:02'),(67,10,54,'9350256','6','JOSE ANTONIO','GALLARDO','ACUÑA',1,'2015-09-09 20:48:02'),(68,2,75,'9361613','8','JORGE ENRIQUE','VASQUEZ','CARDENAS',1,'2015-09-09 20:48:02'),(69,8,65,'9415776','5','ORLANDO EMILIANO','PULIDO','DAZA',1,'2015-09-09 20:48:02'),(70,8,21,'9427550','4','EDUARDO DAVID','ARAYA','ARAYA',1,'2015-09-09 20:48:02'),(71,8,55,'9447045','5','EDISON WALDO','HERRERA','MUÑOZ',1,'2015-09-09 20:48:02'),(72,4,60,'9451174','7','MARCO ANTONIO','VARGAS','RIQUELME',1,'2015-09-09 20:48:02'),(73,4,60,'9463535','7','DIONISIO EDGARDO','CABRERA','VERGARA',1,'2015-09-09 20:48:02'),(74,11,32,'9463973','5','MANUEL ANTONIO','GARRIDO','ROJAS',1,'2015-09-09 20:48:02'),(75,9,52,'9513237','5','JOSE DOLORES','ROJAS','VALDES',1,'2015-09-09 20:48:02'),(76,10,61,'9516018','2','JOSE DAVID','PEÑA','INOSTROZA',1,'2015-09-09 20:48:02'),(77,8,53,'9518587','8','RENE ALFONSO','SALAZAR','RODRIGUEZ',1,'2015-09-09 20:48:02'),(78,6,25,'9543831','8','JUAN EVARISTO','CEBALLOS','FLORES',1,'2015-09-09 20:48:02'),(79,9,70,'9554506','8','RICARDO DELCARMEN','GARRIDO','ORELLANA',1,'2015-09-09 20:48:02'),(80,6,45,'9562291','7','LUIS EDUARDO','SALAZAR','DIEZ',1,'2015-09-09 20:48:02'),(81,8,23,'9654941','5','JAIME ALONSO','NUÑEZ','MEDINA',1,'2015-09-09 20:48:02'),(82,17,70,'9738822','9','HECTOR CLAUDIO','HENRIQUEZ','ULLOA',1,'2015-09-09 20:48:02'),(83,6,70,'9739053','3','SALVADOR','LABRAÑA','FUENTEALBA',1,'2015-09-09 20:48:02'),(84,9,52,'9741952','3','JUAN PABLO','SAN MARTIN','PEREZ',1,'2015-09-09 20:48:02'),(85,6,25,'9775791','7','ROBERTO','ARANGUIZ','GALAZ',1,'2015-09-09 20:48:02'),(86,11,69,'9777194','4','HECTOR DANILDO','ESPINOZA','JAQUE',1,'2015-09-09 20:48:02'),(87,8,65,'9778363','2','ALVARINO ROBUSTIANO','CASTILLO','MOLINA',1,'2015-09-09 20:48:02'),(88,6,70,'9814620','2','JOSE MANUEL','OPAZO','ALBURQUENQUE',1,'2015-09-09 20:48:02'),(89,6,17,'9814660','1','JULIO CESAR','JENO','CHANDIA',1,'2015-09-09 20:48:02'),(90,3,58,'9850225','4','VICTOR LEONEL','GARATE','FUENTES',1,'2015-09-09 20:48:02'),(91,8,65,'9888909','4','ANAMEL DELC.','AILLON','NOVOA',1,'2015-09-09 20:48:02'),(92,3,19,'9889587','6','PATRICIO ANTONIO','CASTRO','CACERES',1,'2015-09-09 20:48:02'),(93,4,60,'9909589','K','MIGUEL ANGEL','AVILA','RECABAL',1,'2015-09-09 20:48:02'),(94,11,32,'9912222','6','ARIEL FERNANDO','VERDUGO','ESPINOZA',1,'2015-09-09 20:48:02'),(95,10,70,'9912621','3','ENRIQUE SEGUNDO','MONCADA','MONCADA',1,'2015-09-09 20:48:02'),(96,24,37,'9944620','K','CLAUDIA ALEJANDRA','LOPEZ','QUILODRAN',1,'2015-09-09 20:48:02'),(97,8,65,'9988475','4','MARCO ANTONIO','ORTIZ','ROCHA',1,'2015-09-09 20:48:02'),(98,6,52,'10035405','5','MIGUEL ANDRES','CISTERNA','SILVA',1,'2015-09-09 20:48:02'),(99,24,43,'10049228','8','RODRIGO ALEXIS','CONTRERAS','ROJAS',1,'2015-09-09 20:48:02'),(100,9,54,'10053056','2','JORGE ELIAS','GATICA','MUÑOZ',1,'2015-09-09 20:48:02'),(101,13,26,'10057624','4','SINSORINO S.','HIDALGO','MEDINA',1,'2015-09-09 20:48:02'),(102,8,53,'10156024','4','HUMBERTO AURELIO','JIMENEZ','ARIAS',1,'2015-09-09 20:48:02'),(103,10,5,'10178800','8','ADOLFO DEL CARMEN','RAMIREZ','SAAVEDRA',1,'2015-09-09 20:48:02'),(104,6,25,'10256362','K','JUAN RICARDO','GATICA','PARADA',1,'2015-09-09 20:48:02'),(105,9,25,'10287178','2','FERNANDO PATRICIO','BRUCE','GONZALEZ',1,'2015-09-09 20:48:02'),(106,10,52,'10337362','K','RAUL ISAIAS','LAGOS','UTRERAS',1,'2015-09-09 20:48:02'),(107,6,12,'10377332','6','JUAN ENRIQUE','MUÑOZ','CASTILLO',1,'2015-09-09 20:48:02'),(108,9,12,'10387946','9','WLADIMIR ANTONIO','GARRIDO','VERDUGO',1,'2015-09-09 20:48:02'),(109,10,61,'10390973','2','CARLOS FERNANDO','INOSTROZA','CID',1,'2015-09-09 20:48:02'),(110,25,75,'10425605','8','LUIS ERNESTO','ARAVENA','GARRIDO',1,'2015-09-09 20:48:02'),(111,10,5,'10430868','6','PATRICIO DOMINGO','BELMAR','VALERIA',1,'2015-09-09 20:48:02'),(112,3,58,'10461934','7','ARTURO ENRIQUE','GARATE','FUENTES',1,'2015-09-09 20:48:02'),(113,9,70,'10486832','0','HUGO ENRIQUE','ALBORNOZ','GARRIDO',1,'2015-09-09 20:48:02'),(114,9,70,'10493761','6','JIMMY ALEJANDRO','MOLINA','DIAZ',1,'2015-09-09 20:48:02'),(115,10,70,'10497849','5','HECTOR EXEQUIEL','VEGA','VEGA',1,'2015-09-09 20:48:02'),(116,10,70,'10499573','K','ENRIQUE REGINIO','GUZMAN','TRONCOSO',1,'2015-09-09 20:48:02'),(117,9,54,'10522050','2','JORGE ANTONIO','CAMPOS','CACERES',1,'2015-09-09 20:48:02'),(118,6,52,'10522210','6','JACOB DIONISIO','MATAMALA','ARROYO',1,'2015-09-09 20:48:02'),(119,6,15,'10525765','1','OSCAR ANTONIO','MUÑOZ','VASQUEZ',1,'2015-09-09 20:48:02'),(120,10,70,'10538491','2','RUBEN ANTONIO','SANHUEZA','CIFUENTES',1,'2015-09-09 20:48:02'),(121,25,73,'10556998','K','JORGE ANTONIO','MONTECINO','CORTES',1,'2015-09-09 20:48:02'),(122,25,75,'10573408','5','ENRIQUE','MARABOLI','MORALES',1,'2015-09-09 20:48:02'),(123,25,75,'10589154','7','CARLOS FERNANDO','VALDES','MARABOLI',1,'2015-09-09 20:48:02'),(124,6,70,'10608231','6','EDINSON','COLICHEO','HUENCHULLAN',1,'2015-09-09 20:48:02'),(125,10,58,'10622763','2','JUAN CARLOS','DIAZ','FIGUEROA',1,'2015-09-09 20:48:02'),(126,8,45,'10635833','8','PEDRO EDUARDO','RODRIGUEZ','VARGAS',1,'2015-09-09 20:48:02'),(127,24,83,'10658099','5','HUGO CRISTIAN','OLEA','ASTETE',1,'2015-09-09 20:48:02'),(128,6,24,'10802463','1','CARLOS RODRIGO','LOBOS','ARIAS',1,'2015-09-09 20:48:02'),(129,15,58,'10822771','0','LUIS ALFREDO','ACEVEDO','SALAZAR',1,'2015-09-09 20:48:02'),(130,10,70,'10827590','1','EDUARDO GREGORIO','BELMAR','VALERIA',1,'2015-09-09 20:48:02'),(131,6,25,'10844677','3','PEDRO ANIBAL','GOMEZ','ORMEÑO',1,'2015-09-09 20:48:02'),(132,3,84,'10868943','9','LUIS OMAR','GUTIERREZ','ABARCA',1,'2015-09-09 20:48:02'),(133,10,61,'10910221','0','OSVALDO ESTEBAN','COLIPAN','CHOSPI',1,'2015-09-09 20:48:02'),(134,8,65,'10911779','K','JUAN SALVADOR','CAÑOLES','YEVENES',1,'2015-09-09 20:48:02'),(135,24,79,'10926798','8','SALOME UBERLINDA','VASQUEZ','YAÑEZ',1,'2015-09-09 20:48:02'),(136,6,70,'10954701','8','CRISTIAN FRANCISCO','CONSTANZO','PALMA',1,'2015-09-09 20:48:02'),(137,10,52,'10961394','0','JUAN PATRICIO','MUÑOZ','GUTIERREZ',1,'2015-09-09 20:48:02'),(138,6,70,'10988569','K','JOSE DIDIER','CARTES','CEBALLOS',1,'2015-09-09 20:48:02'),(139,15,58,'11174506','4','JUVENAL AQUILES','SALAS','AMIGO',1,'2015-09-09 20:48:02'),(140,2,75,'11237438','8','JOSE AGUSTIN','MUÑOZ','VASQUEZ',1,'2015-09-09 20:48:02'),(141,6,34,'11237472','8','PAULINO ALFONSO','VALDERRAMA','MONSALVES',1,'2015-09-09 20:48:02'),(142,8,23,'11244004','6','LUIS BASILIO','PAREDES','GUZMAN',1,'2015-09-09 20:48:02'),(143,8,76,'11244149','2','CARLOS BENITO','GALDAMES','GALLEGOS',1,'2015-09-09 20:48:02'),(144,8,65,'11244395','9','ERIC JUVENAL','LOPEZ','GONZALEZ',1,'2015-09-09 20:48:02'),(145,17,70,'11293606','8','HERNAN','CRUCES','SOTO',1,'2015-09-09 20:48:02'),(146,13,48,'11319719','6','NESTOR OSVALDO','ASCENCIO','ELGUETA',1,'2015-09-09 20:48:02'),(147,8,65,'11357406','2','CLAUDIO JAVIER','TRIVIÑO','MORALES',1,'2015-09-09 20:48:02'),(148,25,75,'11372470','6','RODRIGO ANDRES','CONCHA','TRONCOSO',1,'2015-09-09 20:48:02'),(149,15,58,'11374958','K','CRISTIAN GABRIEL','FAUNDEZ','MUENA',1,'2015-09-09 20:48:02'),(150,15,58,'11407253','2','BERNARDO APOLINARIO','INOSTROZA','PAVEZ',1,'2015-09-09 20:48:02'),(151,9,25,'11442870','1','JUAN CARLOS','MIRANDA','LEAL',1,'2015-09-09 20:48:02'),(152,9,70,'11457249','7','JUAN CARLOS','MOLINA','DIAZ',1,'2015-09-09 20:48:02'),(153,10,70,'11537771','K','ALEXIS RODRIGO','ALARCON','MOLINES',1,'2015-09-09 20:48:02'),(154,8,76,'11538847','9','LUIS HERNAN','PEREIRA','ALARCON',1,'2015-09-09 20:48:02'),(155,8,53,'11539095','3','NELSON AURELIO','AVILA','TOLEDO',1,'2015-09-09 20:48:02'),(156,8,76,'11539488','6','IVAN ALEJANDRO','MEDINA','ROMERO',1,'2015-09-09 20:48:02'),(157,6,70,'11569547','9','SALVADOR AQUILES','VALDERRAMA','MONSALVE',1,'2015-09-09 20:48:02'),(158,2,58,'11572611','0','PATRICIO ENRIQUE','CORTES','OROSTICA',1,'2015-09-09 20:48:02'),(159,4,60,'11575962','0','ROQUE DEL CARMEN','GALLEGOS','MOLINA',1,'2015-09-09 20:48:03'),(160,10,70,'11578143','K','ELVIS ANTONIO','MARDONES','MARDONES',1,'2015-09-09 20:48:03'),(161,8,65,'11699128','4','MARCO LEONARDO','NAVARRETE','MEDINA',1,'2015-09-09 20:48:03'),(162,3,19,'11757082','7','CRISTIAN EDUARDO','ESCOBAR','LOIZA',1,'2015-09-09 20:48:03'),(163,9,52,'11763563','5','CARLOS LEONEL','MENDEZ','BARRA',1,'2015-09-09 20:48:03'),(164,25,75,'11764768','4','OSCAR ALEJANDRO','MARABOLI','MARABOLI',1,'2015-09-09 20:48:03'),(165,6,49,'11772878','1','VICTOR ENRIQUE','HURTADO','LLANOS',1,'2015-09-09 20:48:03'),(166,6,13,'11773923','6','MAXIMO ESTEBAN','TORRES','TORRES',1,'2015-09-09 20:48:03'),(167,6,66,'11781099','2','HECTOR MAURICIO','FULLER','SANDOVAL',1,'2015-09-09 20:48:03'),(168,25,75,'11788292','6','MARCELO JAVIER','MOSQUEDA','MARABOLI',1,'2015-09-09 20:48:03'),(169,24,44,'11827741','4','RICARDO ANTONIO','LETELIER','VERGARA',1,'2015-09-09 20:48:03'),(170,9,81,'11873146','8','RODRIGO ANTONIO','GUTIERREZ','DIAZ',1,'2015-09-09 20:48:03'),(171,24,82,'11896599','K','ANA MARIA','ESPINOZA','LORENTE',1,'2015-09-09 20:48:03'),(172,10,45,'11900769','0','LUIS ROLANDO','MALBRAN','RIFFO',1,'2015-09-09 20:48:03'),(173,16,67,'11902844','2','LUIS ESTEBAN','PARRA','HENRIQUEZ',1,'2015-09-09 20:48:03'),(174,16,57,'11903419','1','CARLOS ALBERTO','HERRERA','MORA',1,'2015-09-09 20:48:03'),(175,8,55,'11904397','2','CARLOS ALEJANDRO','MEDINA','MUÑOZ',1,'2015-09-09 20:48:03'),(176,6,54,'11956636','3','CHRISTIAN HUMBERTO','LATORRE','ABURTO',1,'2015-09-09 20:48:03'),(177,6,70,'11957138','3','JOSE MAURICIO','PASTEN','ORELLANA',1,'2015-09-09 20:48:03'),(178,24,30,'11957918','K','MAURICIO ESTEBAN','ESCOBAR','FERNANDEZ',1,'2015-09-09 20:48:03'),(179,24,8,'11958271','7','CRISTIAN ALEJANDRO','PEREZ','CABRERA',1,'2015-09-09 20:48:03'),(180,9,25,'11961653','0','MARCO ANTONIO','CONTRERAS','FIGUEROA',1,'2015-09-09 20:48:03'),(181,4,56,'11964387','2','CRISTHIAN GUILLERMO','ALARCON','FUENTEALBA',1,'2015-09-09 20:48:03'),(182,25,52,'11983780','4','JUAN CARLOS','BARRIOS','CACERES',1,'2015-09-09 20:48:03'),(183,25,72,'11983781','2','JOSE RAUL','BARRIOS','CACERES',1,'2015-09-09 20:48:03'),(184,9,61,'12007666','3','MANUEL JESUSU','RIQUELME','JAQUI',1,'2015-09-09 20:48:03'),(185,6,70,'12045335','1','DAVID ARNOLDO','FUENTEALBA','SANCHEZ',1,'2015-09-09 20:48:03'),(186,6,70,'12065826','3','JANIO ALFONSO','ZAPATA','ARAVENA',1,'2015-09-09 20:48:03'),(187,24,41,'12076697','K','ENZO SERGIO','INNOCENTI','CASTRO',1,'2015-09-09 20:48:03'),(188,6,25,'12091656','4','FERNANDO BERNABE','MEJIAS','CACERES',1,'2015-09-09 20:48:03'),(189,4,14,'12102106','4','FLORINDO DESIDERIO','NEIRA','ROA',1,'2015-09-09 20:48:03'),(190,24,39,'12120816','4','ROGER DANNY','RUMEAU','VERGARA',1,'2015-09-09 20:48:03'),(191,6,25,'12127096','K','ROBERTO ANTONIO','SARAVIA','AGUILERA',1,'2015-09-09 20:48:03'),(192,10,28,'12145152','2','JULIO HUMBERTO','SAEZ','VILLEGAS',1,'2015-09-09 20:48:03'),(193,6,25,'12147032','2','VICTOR EUGENIO','SARAVIA','TORRES',1,'2015-09-09 20:48:03'),(194,15,58,'12158777','7','PEDRO OSLAVIO','BARRERA','CARRASCO',1,'2015-09-09 20:48:03'),(195,9,70,'12185198','9','PEDRO ANTONIO','MONTECINOS','MUÑOZ',1,'2015-09-09 20:48:03'),(196,10,40,'12201944','6','MARTA GLORIA','ARAVENA','NECULQUEO',1,'2015-09-09 20:48:03'),(197,9,2,'12243880','5','ARMANDO ESTEBAN','RETAMAL','ARELLANO',1,'2015-09-09 20:48:03'),(198,8,65,'12304323','5','MOISES','DIAZ','GONZALEZ',1,'2015-09-09 20:48:03'),(199,6,70,'12304678','1','IVAN RODRIGO','RUIZ','PACHECO',1,'2015-09-09 20:48:03'),(200,13,5,'12320325','9','MARCIAL DEL TRANCITO','SARAVIA','TORRES',1,'2015-09-09 20:48:03'),(201,10,70,'12327023','1','CESAR GUIDO','CARRASCO','CARRASCO',1,'2015-09-09 20:48:03'),(202,25,74,'12338838','0','HECTOR RUBEN','MONTECINO','ORTIZ',1,'2015-09-09 20:48:03'),(203,25,74,'12371837','2','RUBEN DARIO','EPULEF','SALAS',1,'2015-09-09 20:48:03'),(204,9,12,'12418526','2','CRISTIAN EUGENIO','DIAZ','VERGARA',1,'2015-09-09 20:48:03'),(205,9,25,'12418749','4','CLAUDIO ALEJANDRO','ABURTO','CAMPOS',1,'2015-09-09 20:48:03'),(206,25,75,'12418897','0','IVAN ARTURO','TAPIA','GALLEGOS',1,'2015-09-09 20:48:03'),(207,25,52,'12418948','9','ELSON BENIGNO','FUENTES','TOLOSA',1,'2015-09-09 20:48:03'),(208,6,70,'12489809','9','ROBERTO ENRIQUE','MATAMALA','LABRA',1,'2015-09-09 20:48:03'),(209,24,83,'12524839','K','ENRIQUE ALBERTO','PORTER','SIMON',1,'2015-09-09 20:48:03'),(210,8,76,'12525313','K','FABIAN RODRIGO','RIQUELME','TAPIA',1,'2015-09-09 20:48:03'),(211,4,60,'12529918','0','HECTOR JAVIER','RODRIGUEZ','RIVAS',1,'2015-09-09 20:48:03'),(212,9,25,'12548757','2','JOSE MIGUEL','SEGURA','BALLADARES',1,'2015-09-09 20:48:03'),(213,24,9,'12552901','1','CARLOS PATRICIO','BUSTOS','DIAZ',1,'2015-09-09 20:48:03'),(214,8,23,'12561020','K','NELSON ALEXIS','ALEGRIA','RETAMAL',1,'2015-09-09 20:48:03'),(215,4,60,'12702737','4','MAURICIO ANDRES','GONZALEZ','YAÑEZ',1,'2015-09-09 20:48:03'),(216,16,67,'12704966','1','ABRAHAM RENE','RIFFO','OVIEDO',1,'2015-09-09 20:48:03'),(217,13,16,'12762920','K','RODRIGO ANTONIO','MATAMALA','BETANCOURT',1,'2015-09-09 20:48:03'),(218,6,70,'12762999','4','JAVIER ALEJANDRO','YEVENES','ARIAS',1,'2015-09-09 20:48:03'),(219,6,70,'12764482','9','JUAN PEDRO','RIOS','SEPULVEDA',1,'2015-09-09 20:48:03'),(220,5,58,'12764856','5','CRISTIAN ANDRES','VERA','HENRIQUEZ',1,'2015-09-09 20:48:03'),(221,24,38,'12765190','6','SERGIO ALEJANDRO','PRADENAS','PEREIRA',1,'2015-09-09 20:48:03'),(222,8,62,'12767900','2','VICTOR RENE','YAUPE','VALDEBENITO',1,'2015-09-09 20:48:03'),(223,8,21,'12769693','4','JOSE DE LA CRUZ','ROCHA','FLORES',1,'2015-09-09 20:48:03'),(224,5,58,'12772830','5','ADRIAN ANTONIO','FLORES','BARRA',1,'2015-09-09 20:48:03'),(225,9,24,'12788269','K','DANILO ANTONIO','CACERES','CORNEJO',1,'2015-09-09 20:48:03'),(226,6,70,'12795857','2','JOSE MARCELINO','CRUZ','FLORES',1,'2015-09-09 20:48:03'),(227,6,70,'12795866','1','CARMELO DEL TRANSITO','ASENCIO','CISTERNA',1,'2015-09-09 20:48:03'),(228,9,70,'12916561','8','CRISTIAN ANDRES','MUÑOZ','HERRERA',1,'2015-09-09 20:48:03'),(229,24,4,'12922564','5','MARIA EUGENIA','MENA','PASMIÑO',1,'2015-09-09 20:48:03'),(230,8,22,'12924652','9','CESAR RODRIGO','ROJAS','SAEZ',1,'2015-09-09 20:48:03'),(231,10,70,'12926963','4','MARIO CRISTIAN','ARIAS','MUÑOZ',1,'2015-09-09 20:48:03'),(232,6,25,'12971115','9','ENZO ANDRES','GARCIA','ROSALES',1,'2015-09-09 20:48:03'),(233,24,47,'12974596','7','OLGA INES','PEREZ','CASANOVA',1,'2015-09-09 20:48:03'),(234,8,65,'12982967','2','EDGARDO MAURICIO','AVILEZ','FERNANDEZ',1,'2015-09-09 20:48:03'),(235,4,60,'13105501','3','EUSEBIO ENRIQUE','SANHUEZA','BECERRA',1,'2015-09-09 20:48:03'),(236,2,75,'13128250','8','CESAR ANTONIO','VIDAL','MUÑOZ',1,'2015-09-09 20:48:03'),(237,6,70,'13128935','9','MAURICIO ALEJANDRO','FIGUEROA','ROMERO',1,'2015-09-09 20:48:03'),(238,6,61,'13132011','6','EDUARDO DEL TRANSITO','MERINO','MONSALVE',1,'2015-09-09 20:48:03'),(239,6,54,'13132029','9','SERGIO FRANCISCO','CHANDIA','ALVEAR',1,'2015-09-09 20:48:03'),(240,8,22,'13142109','5','JOSE ADOLFO','NUÑEZ','GALLARDO',1,'2015-09-09 20:48:03'),(241,8,63,'13146774','5','JOSE TOMAS','TORRES','CARRILLO',1,'2015-09-09 20:48:03'),(242,8,36,'13146903','9','JOAQUIN ERIC','GONZALEZ','REBOLLEDO',1,'2015-09-09 20:48:03'),(243,10,54,'13149138','7','RODRIGO WLADIMIR','HENRIQUEZ','SANDOVAL',1,'2015-09-09 20:48:04'),(244,8,55,'13210203','1','NESTOR JONHY','SAEZ','VILLARROEL',1,'2015-09-09 20:48:04'),(245,4,60,'13312590','6','CRISTIAN FABIAN','PARRA','VELASQUEZ',1,'2015-09-09 20:48:04'),(246,13,54,'13316595','9','SERGIO FERNANDO','IBAÑEZ','FLORES',1,'2015-09-09 20:48:04'),(247,25,74,'13354235','3','HECTOR ANTONIO','LUNA','CASTRO',1,'2015-09-09 20:48:04'),(248,6,70,'13376464','K','CRISTIAN EDUARDO','URIBE','FIERRO',1,'2015-09-09 20:48:04'),(249,8,65,'13378688','0','ORLANDO ANTONIO','MEDINA','SOTO',1,'2015-09-09 20:48:04'),(250,1,58,'13379150','7','CRISTIAN ALEXIS','CRISOSTOMO','PINO',1,'2015-09-09 20:48:04'),(251,17,58,'13383855','4','DANILO ALBERTO','ECHEVERRIA','TOLOZA',1,'2015-09-09 20:48:04'),(252,3,58,'13501011','1','MANUEL ALEXIS','ADASME','MACHUCA',1,'2015-09-09 20:48:04'),(253,8,22,'13578581','4','DANIEL ISAIAS','CHAMBLAS','VELASQUEZ',1,'2015-09-09 20:48:04'),(254,4,60,'13606459','2','JUAN ALEXIS','HERNANDEZ','MONSALVES',1,'2015-09-09 20:48:04'),(255,8,62,'13606612','9','ALAN DARIO','CALDERON','DIAZ',1,'2015-09-09 20:48:04'),(256,6,70,'13621235','4','MIGUEL ANGEL','MERINO','CAMPOS',1,'2015-09-09 20:48:04'),(257,8,46,'13727845','6','XIMENA ANDREA','GUZMAN','VIVAR',1,'2015-09-09 20:48:04'),(258,9,25,'13785978','5','MARIO ESTEBAN','PEREIRA','FAUNDEZ',1,'2015-09-09 20:48:04'),(259,11,33,'13786388','K','ERASMO EDUARDO','MARABOLI','VALENZUELA',1,'2015-09-09 20:48:04'),(260,6,58,'13794470','7','LUIS ANTONIO','CID','GONZALEZ',1,'2015-09-09 20:48:04'),(261,6,80,'13795432','K','JOSE LUIS','CABRERA','FLORES',1,'2015-09-09 20:48:04'),(262,13,78,'13795446','K','CLAUDIO  ANDRES','PUENTES','PUENTES',1,'2015-09-09 20:48:04'),(263,6,70,'13795466','4','CRISTIAN ANTONIO','VALDERRAMA','SAAVEDRA',1,'2015-09-09 20:48:04'),(264,24,29,'13805396','2','CRISTIAN RODOLFO','FLORES','BARRA',1,'2015-09-09 20:48:04'),(265,13,54,'13861507','3','BORIS ALEXIS','SAEZ','DEL PINO',1,'2015-09-09 20:48:04'),(266,25,40,'13950572','7','RODRIGO JESUS','BECERRA','FUENTES',1,'2015-09-09 20:48:04'),(267,16,67,'13959090','2','FREDS RODETMIST','PARRA','HENRIQUEZ',1,'2015-09-09 20:48:04'),(268,6,54,'14028183','2','DANIEL ESTEBAN','MERINO','VILLAGRAN',1,'2015-09-09 20:48:04'),(269,6,70,'14029666','K','JOSE LUIS','SANCHEZ','VERGARA',1,'2015-09-09 20:48:04'),(270,6,70,'14057626','3','JUAN CARLOS','ZAPATA','ZAPATA',1,'2015-09-09 20:48:04'),(271,2,20,'14058222','0','CARLOS OMAR','RIQUELME','ORELLANA',1,'2015-09-09 20:48:04'),(272,6,27,'14058590','4','ALEJANDRO TOMAS','LAVANDERO','ALVEAR',1,'2015-09-09 20:48:04'),(273,4,60,'14062749','6','DAVID ESTEBAN','KNOLL','GONZALEZ',1,'2015-09-09 20:48:04'),(274,17,58,'14069369','3','JOEL ANDRES','ROMERO','SANHUEZA',1,'2015-09-09 20:48:04'),(275,10,64,'14077097','3','FRANCISCO JAVIER','SAN MARTIN','ACUÑA',1,'2015-09-09 20:48:04'),(276,25,75,'14094024','0','RICARDO ANDRES','DIAZ','BRAVO',1,'2015-09-09 20:48:04'),(277,10,52,'14095463','2','MARCELO HERNANDO','CARRASCO','SOTO',1,'2015-09-09 20:48:04'),(278,10,59,'14276862','3','CRISTIAN MAURICIO','BAEZA','GALAZ',1,'2015-09-09 20:48:04'),(279,25,74,'14283971','7','ALEX IVAN','CANCINO','CANCINO',1,'2015-09-09 20:48:04'),(280,10,6,'14325370','8','JUAN ALEJANDRO','GAVILAN','URTUBIA',1,'2015-09-09 20:48:04'),(281,9,70,'14341522','8','JOSE RIGOBERTO','JARAMILLO','HERNANDEZ',1,'2015-09-09 20:48:04'),(282,5,58,'14359776','8','PABLO ANDRES','GODOY','MUÑOZ',1,'2015-09-09 20:48:04'),(283,10,70,'14425001','K','VICTOR FLORENCIO','CEBALLOS','ORMEÑO',1,'2015-09-09 20:48:04'),(284,9,58,'14450147','0','ANDRES ANTONIO','GARRIDO','GONZALEZ',1,'2015-09-09 20:48:04'),(285,1,58,'14462375','4','FRANCISCO ESTEBAN','ARANEDA','ARAYA',1,'2015-09-09 20:48:04'),(286,6,70,'14482471','7','LUIS ARTEMIO','SANCHEZ','CARRIZO',1,'2015-09-09 20:48:04'),(287,9,12,'14489421','9','MARCELO ANTONIO','HERNANDEZ','GUTIERREZ',1,'2015-09-09 20:48:04'),(288,6,24,'14506319','1','RODRIGO ALEJANDRO','RIVAS','VERA',1,'2015-09-09 20:48:04'),(289,6,70,'14507665','K','BENEDICTO ELADIO','VENEGAS','SAEZ',1,'2015-09-09 20:48:04'),(290,9,70,'14562529','7','CRISTIAN ESTEBAN','CASTRO','MORALES',1,'2015-09-09 20:48:04'),(291,24,4,'14615087','K','MARIA PAZ','AGUILLON','MANIER',1,'2015-09-09 20:48:04'),(292,25,72,'14915514','7','HUGO HERNAN','VENEGAS','ESPINOZA',1,'2015-09-09 20:48:04'),(293,9,54,'15145855','6','LEONARDO ALIRO','OYARZO','HUENULEF',1,'2015-09-09 20:48:04'),(294,1,58,'15164559','3','ERWIN ALBERTO','FIERRO','MERINO',1,'2015-09-09 20:48:04'),(295,5,58,'15165243','3','ALEX CLODOMIRO','ORMEÑO','DIAZ',1,'2015-09-09 20:48:04'),(296,2,75,'15165584','K','JOSE OCTAVIO','JARA','PEREZ',1,'2015-09-09 20:48:04'),(297,6,13,'15171726','8','WLADIMIR ALEXIS','CRISOSTOMO','SUAZO',1,'2015-09-09 20:48:04'),(298,6,54,'15172218','0','CRISTIAN ALEXIS','VASQUEZ','VERA',1,'2015-09-09 20:48:04'),(299,8,65,'15174408','7','DANILO RENE','MARDONES','JARA',1,'2015-09-09 20:48:04'),(300,6,52,'15181190','6','CRISTIAN ANDRES','DURAN','GARCIA',1,'2015-09-09 20:48:04'),(301,6,34,'15182009','3','RENATO ALEJANDRO','ORTIZ','MENDOZA',1,'2015-09-09 20:48:04'),(302,6,34,'15192352','6','CRISTIAN ALEJANDRO','GRANDON','ARAVENA',1,'2015-09-09 20:48:04'),(303,8,22,'15197944','0','CRISTIAN ALEJANDRO','ALARCON','BUSTOS',1,'2015-09-09 20:48:04'),(304,6,52,'15225166','1','CHRISTIAN FELIPE','LERMANDA','RIQUELME',1,'2015-09-09 20:48:04'),(305,6,70,'15226530','1','MANUEL ANDRES','GARCIA','SANTIBAÑEZ',1,'2015-09-09 20:48:04'),(306,6,70,'15478706','2','MARCOS JAVIER','VALENZUELA','ESPINOZA',1,'2015-09-09 20:48:04'),(307,6,15,'15502211','6','PEDRO ANTONIO','VALENZUELA','CONTRERAS',1,'2015-09-09 20:48:04'),(308,4,60,'15520411','7','ELIECER ALISANDRO','SEPULVEDA','CARTES',1,'2015-09-09 20:48:04'),(309,9,70,'15598994','7','DAGOBERTO FRANCISCO','SALGADO','GONZALEZ',1,'2015-09-09 20:48:04'),(310,8,65,'15659899','2','LUIS ARMANDO','SANTANDER','GARCIA',1,'2015-09-09 20:48:04'),(311,25,74,'15834898','5','CLAUDIO ANDRES','MARABOLI','MORALES',1,'2015-09-09 20:48:04'),(312,9,70,'15835184','6','JOSE SALUDINO','VALDES','NAVARRETE',1,'2015-09-09 20:48:04'),(313,13,54,'15855755','K','JOSE FABIAN','MANRIQUEZ','ROSALES',1,'2015-09-09 20:48:04'),(314,6,24,'15875335','9','JOSE ANTONIO','SOTO','MARDONES',1,'2015-09-09 20:48:05'),(315,6,24,'15877048','2','ELISEO EDIMIR','TRONCOSO','PERALTA',1,'2015-09-09 20:48:05'),(316,6,24,'15937548','K','FELIPE ANDRES','ROJAS','RIVERA',1,'2015-09-09 20:48:05'),(317,6,15,'15937727','K','CLAUDIO ANTONIO','MERINO','SALDIAS',1,'2015-09-09 20:48:05'),(318,13,35,'15945039','2','CARLOS MIGUEL','OLIVARES','AGUAYO',1,'2015-09-09 20:48:05'),(319,8,2,'15990544','6','MARCO ANTONIO','SANFUENTES','CARCAMO',1,'2015-09-09 20:48:05'),(320,24,39,'16036469','6','ALLAN ANDRES','RODRIGUEZ','ARANEDA',1,'2015-09-09 20:48:05'),(321,6,25,'16036802','0','FRANCISCO JAVIER','MUÑOZ','TORRES',1,'2015-09-09 20:48:05'),(322,15,58,'16090326','0','JONATHAN EMANUEL','BRAVO','PALMA',1,'2015-09-09 20:48:05'),(323,9,25,'16090733','9','MIGUEL ANGEL','NUÑEZ','GATICA',1,'2015-09-09 20:48:05'),(324,8,65,'16108441','7','GONZALO ERNESTO','MONSALVES','GUZMAN',1,'2015-09-09 20:48:05'),(325,6,16,'16154740','9','CRISTIAN HECTOR','VELOSO','PEREZ',1,'2015-09-09 20:48:05'),(326,3,58,'16179341','8','HECTOR ANTONIO','LOBOS','TAPIA',1,'2015-09-09 20:48:05'),(327,6,15,'16185583','9','JUAN FRANCISCO','MERINO','ROMERO',1,'2015-09-09 20:48:05'),(328,6,25,'16220402','5','FERNANDO ALEXIS','SAEZ','MORA',1,'2015-09-09 20:48:05'),(329,3,58,'16250862','8','JAVIER EDUARDO','FLORES','ABARCA',1,'2015-09-09 20:48:05'),(330,3,58,'16254974','K','JOSE IGNACIO','MORA','BARAHONA',1,'2015-09-09 20:48:05'),(331,9,25,'16256027','1','ORLANDO VALENTIN','ARAYA','CONCHA',1,'2015-09-09 20:48:05'),(332,25,74,'16294098','8','RODRIGO ALEJANDRO','MEDEL','RODRIGUEZ',1,'2015-09-09 20:48:05'),(333,6,15,'16369944','3','FELIPE  ANDRES','DUPRE','MERINO',1,'2015-09-09 20:48:05'),(334,10,70,'16394775','7','CRISTIAN ANDRES','GARRIDO','RAMIREZ',1,'2015-09-09 20:48:05'),(335,17,58,'16396886','K','VICTOR HUGO','PEREDA','AEDO',1,'2015-09-09 20:48:05'),(336,6,70,'16404782','2','MARCELO EDUARDO','MONTECINOS','PARANCAN',1,'2015-09-09 20:48:05'),(337,6,24,'16405402','0','ALEXIS ALFONSO','ROBLES','BUSTOS',1,'2015-09-09 20:48:05'),(338,2,58,'16405458','6','MARCELO DEL CARMEN','VALDERRAMA','SAAVEDRA',1,'2015-09-09 20:48:05'),(339,6,52,'16405514','0','LORENA DEL ROSARIO','PEREZ','VASQUEZ',1,'2015-09-09 20:48:05'),(340,25,40,'16473727','6','KATHERINE STEPHANIE','WANDERSLEBEN','THOMANN',1,'2015-09-09 20:48:05'),(341,8,23,'16515641','2','CRISTIAN GERSON','AVILA','TOLEDO',1,'2015-09-09 20:48:05'),(342,3,58,'16554560','5','SERGIO ANDRES','OLIVARES','MACHUCA',1,'2015-09-09 20:48:05'),(343,25,52,'16679299','1','HERALDO CAROL','DIAZ','VALENZUELA',1,'2015-09-09 20:48:05'),(344,9,7,'16679826','4','FRANCISCA LORETO','CARRASCO','MARABOLI',1,'2015-09-09 20:48:05'),(345,6,70,'16685136','K','JONATHAN RAUL','MELLA','VASQUEZ',1,'2015-09-09 20:48:05'),(346,25,73,'16726233','3','INALEC ANTONIO','TORRES','VALDES',1,'2015-09-09 20:48:05'),(347,25,73,'16728676','3','ALEJANDRO ALFONSO','LOPEZ','REBOLLEDO',1,'2015-09-09 20:48:05'),(348,24,10,'16762047','7','VICTORIA LORETO','MORENO','OLIVARES',1,'2015-09-09 20:48:05'),(349,5,58,'16853723','9','PABLO ESTEBAN','FLORES','BARRA',1,'2015-09-09 20:48:05'),(350,9,12,'16857109','7','LUIS ALBERTO','PEREIRA','PEREIRA',1,'2015-09-09 20:48:05'),(351,6,2,'16873412','3','JAVIER ANTONIO','CONTRERAS','PARRA',1,'2015-09-09 20:48:05'),(352,6,61,'16993380','4','LUIS ALFREDO','TORRES','VIVEROS',1,'2015-09-09 20:48:05'),(353,6,34,'16993392','8','CARLOS MARIO','JARA','CAMPOS',1,'2015-09-09 20:48:05'),(354,1,58,'16993402','9','HECTOR HERNAN','BELLO','ROBLES',1,'2015-09-09 20:48:05'),(355,6,15,'16993616','1','GUSTAVO ALEXIS','VIVEROS','RAMIREZ',1,'2015-09-09 20:48:05'),(356,6,16,'16993665','K','CRISTIAN ANDRES','TORRES','SOBARZO',1,'2015-09-09 20:48:05'),(357,8,22,'17046154','1','DIEGO ANDRES','MUÑOZ','RAMIREZ',1,'2015-09-09 20:48:05'),(358,6,25,'17055657','7','GABRIEL ENRIQUE','MARDONEZ','ESPINOZA',1,'2015-09-09 20:48:05'),(359,6,70,'17130542','K','CLAUDIO HERNAN','MORENO','HIDALGO',1,'2015-09-09 20:48:05'),(360,6,16,'17131094','6','JOSE CARLOS','ACEVEDO','QUILODRAN',1,'2015-09-09 20:48:05'),(361,6,70,'17183010','9','GERMAIN ANDRES','SANCHEZ','VERGARA',1,'2015-09-09 20:48:05'),(362,3,58,'17204699','1','CRISTIAN ALEJANDRO','LORCA','LORCA',1,'2015-09-09 20:48:05'),(363,25,74,'17212238','8','CARLOS JAVIER','ACEVEDO','VILLARROEL',1,'2015-09-09 20:48:05'),(364,9,25,'17212383','K','LUIS DANIEL','BARRIOS','PALACIOS',1,'2015-09-09 20:48:05'),(365,8,40,'17213890','K','OMAR EMILIO','ZARATE','CABRERA',1,'2015-09-09 20:48:05'),(366,6,70,'17217902','9','MOISES ENRIQUE','FUENTES','CHAVEZ',1,'2015-09-09 20:48:05'),(367,6,54,'17218108','2','DANIEL RODRIGO','ORTEGA','GARRIDO',1,'2015-09-09 20:48:05'),(368,6,17,'17263297','1','JUAN ANIBAL','HENRIQUEZ','ARANEDA',1,'2015-09-09 20:48:05'),(369,6,25,'17285917','8','HECTOR ANDRES','CONTRERAS','CONTRERAS',1,'2015-09-09 20:48:05'),(370,6,70,'17301917','3','CRISTIAN ENOC','LEAL','MIRANDA',1,'2015-09-09 20:48:05'),(371,6,40,'17366141','K','FRANCISCO JAVIER','VIOLLO','BELTRAN',1,'2015-09-09 20:48:05'),(372,8,21,'17395536','7','JOSE LEONEL','SAEZ','VILLARROEL',1,'2015-09-09 20:48:05'),(373,3,58,'17527348','4','JUAN OCTAVIO','SOTO','NUÑEZ',1,'2015-09-09 20:48:05'),(374,8,62,'17548553','8','JAIME ALONSO','NUÑEZ','GONZALEZ',1,'2015-09-09 20:48:05'),(375,6,24,'17636886','1','DAVID ENRIQUE','PEDREROS','CARTES',1,'2015-09-09 20:48:05'),(376,6,15,'17637020','3','DANIEL ANDRES','ASTUDILLO','MUÑOZ',1,'2015-09-09 20:48:05'),(377,8,76,'17648159','5','LUIS FERNANDO','MEDINA','OBREQUE',1,'2015-09-09 20:48:05'),(378,6,24,'17747639','0','FRANCISCO ANDRES','SANDOVAL','BETANCUR',1,'2015-09-09 20:48:05'),(379,25,74,'17825954','7','FRANCISCO MIGUEL','VILLENA','GONZALEZ',1,'2015-09-09 20:48:05'),(380,10,70,'17868103','6','CARLOS FERNANDO','INOSTROZA','CUEVAS',1,'2015-09-09 20:48:05'),(381,10,54,'17869231','3','JUAN GABRIEL','GARRIDO','RAMIREZ',1,'2015-09-09 20:48:05'),(382,6,27,'17934746','6','HECTOR MIGUEL','RABANAL','YEVENES',1,'2015-09-09 20:48:05'),(383,8,21,'17969417','4','HERADIO ALEJANDRO','SALAZAR','SANTIBAÑEZ',1,'2015-09-09 20:48:05'),(384,25,73,'18028911','9','EDUARDO ANDRES','CACERES','SEPULVEDA',1,'2015-09-09 20:48:05'),(385,6,25,'18134817','8','RODRIGO ALEJANDRO','RUIZ','MAYORINCA',1,'2015-09-09 20:48:05'),(386,6,7,'18144991','8','CRISTOPHER ORLANDO','MARQUEZ','OLIVERO',1,'2015-09-09 20:48:05'),(387,6,13,'18155887','3','ERWIN ANTONIO','RIQUELME','VASQUEZ',1,'2015-09-09 20:48:05'),(388,9,25,'18231527','3','LEANDRO ALEXIS','RAMIREZ','RIVERA',1,'2015-09-09 20:48:05'),(389,8,11,'18232208','3','EDUARDO ROLANDO','DIAZ','MEDINA',1,'2015-09-09 20:48:05'),(390,24,3,'18387259','1','CAMILA IGNACIA','RIVAS','ROJAS',1,'2015-09-09 20:48:05'),(391,24,3,'18404833','7','LESLY GERALDINE','SEPULVEDA','REIMAN',1,'2015-09-09 20:48:05'),(392,13,51,'18410418','0','MIGUEL ANGEL','ALVAREZ','PROVOSTE',1,'2015-09-09 20:48:05'),(393,10,16,'18524825','9','MIGUEL ANGEL','GARRIDO','RAMIREZ',1,'2015-09-09 20:48:05'),(394,6,15,'18548988','4','HERNAN ALEJANDRO','GARCES','VERA',1,'2015-09-09 20:48:05'),(395,8,21,'18678360','3','BASTIAN EDUARDO','GUTIERREZ','MEDINA',1,'2015-09-09 20:48:05'),(396,6,70,'18746494','3','ALVARO CRISTIAN','BARRIGA','CAMPOS',1,'2015-09-09 20:48:05'),(397,6,15,'18771683','7','PABLO ANTONIO','MIRANDA','ARRIAGADA',1,'2015-09-09 20:48:05'),(398,6,25,'18974935','K','DAVID ELIAS','MORENO','HIDALGO',1,'2015-09-09 20:48:05'),(399,8,22,'19036516','6','EDGARDO ANDRES','VILLARROEL','PAREDES',1,'2015-09-09 20:48:05'),(400,10,16,'19217687','5','JOSE IGNACIO','RIVAS','MOLINA',1,'2015-09-09 20:48:05'),(401,6,16,'19251359','6','FRANCISCO ALEJANDRO','CISTERNA','CRUZ',1,'2015-09-09 20:48:05'),(402,6,18,'19251496','7','CARLOS ANDRES','CABEZAS','LAGOS',1,'2015-09-09 20:48:24');
/*!40000 ALTER TABLE `person` ENABLE KEYS */;
UNLOCK TABLES;

--
-- Table structure for table `personas`
--

DROP TABLE IF EXISTS `personas`;
/*!40101 SET @saved_cs_client     = @@character_set_client */;
/*!40101 SET character_set_client = utf8 */;
CREATE TABLE `personas` (
  `idPersonas` int(11) NOT NULL,
  `rut` varchar(45) DEFAULT NULL,
  `dv` char(1) DEFAULT NULL,
  `nombres` varchar(45) DEFAULT NULL,
  `aPaterno` varchar(45) DEFAULT NULL,
  `aMaterno` varchar(45) DEFAULT NULL,
  `idCargos` int(11) DEFAULT NULL,
  `idFaenas` int(11) DEFAULT NULL,
  `creadoPor` int(11) DEFAULT NULL,
  `creadoAt` datetime DEFAULT NULL,
  PRIMARY KEY (`idPersonas`),
  KEY `fk_personas_cargos1_idx` (`idCargos`),
  KEY `fk_personas_faenas1_idx` (`idFaenas`),
  CONSTRAINT `fk_personas_cargos1` FOREIGN KEY (`idCargos`) REFERENCES `cargos` (`idCargos`) ON DELETE NO ACTION ON UPDATE NO ACTION,
  CONSTRAINT `fk_personas_faenas1` FOREIGN KEY (`idFaenas`) REFERENCES `faenas` (`idFaena`) ON DELETE NO ACTION ON UPDATE NO ACTION
) ENGINE=InnoDB DEFAULT CHARSET=latin1;
/*!40101 SET character_set_client = @saved_cs_client */;

--
-- Dumping data for table `personas`
--

LOCK TABLES `personas` WRITE;
/*!40000 ALTER TABLE `personas` DISABLE KEYS */;
INSERT INTO `personas` VALUES (1,'1','9','Administrador',NULL,NULL,1,1,1,'0000-00-00 00:00:00'),(2,'5388391','5','HECTOR DOMINGO','GAJARDO','VERA',25,6,1,'2015-08-28 00:00:00'),(3,'5516909','8','JUAN BAUTISTA','GODOY','ZAMBRANO',65,8,1,'2015-08-28 00:00:00'),(4,'5855156','2','GERARDO','GARRIDO','ESCALONA',54,13,1,'2015-08-28 00:00:00'),(5,'5944609','6','EDMUNDO JAIME','ROJAS','VERA',58,15,1,'2015-08-28 00:00:00'),(6,'6219637','8','VICTOR REINALDO','NAVARRO','JARA',65,8,1,'2015-08-28 00:00:00'),(7,'6536902','8','RIGOBERTO ANTONIO','RAMIREZ','CACERES',58,15,1,'2015-08-28 00:00:00'),(8,'6656703','6','JUAN BAUTISTA','ESCOBAR','MONSALVES',66,6,1,'2015-08-28 00:00:00'),(9,'6735599','7','LUIS ALBERTO','FLORES','TOLEDO',65,8,1,'2015-08-28 00:00:00'),(10,'6838010','3','EDUARDO MARIANO','SAEZ','VILLEGAS',36,8,1,'2015-08-28 00:00:00'),(11,'6846580','K','HERNAN ENRIQUE','OLIVERA','VELASQUEZ',25,6,1,'2015-08-28 00:00:00'),(12,'6919527','K','HUMBERTO AQUILES','GONZALEZ','BRAVO',72,25,1,'2015-08-28 00:00:00'),(13,'6957304','5','MANUEL ANTONIO','DURAN','URIBE',42,24,1,'2015-08-28 00:00:00'),(14,'7026906','6','ROBERTO ANADOR','BAEZ','RAMIREZ',49,9,1,'2015-08-28 00:00:00'),(15,'7057281','8','IRENIO','ALARCON','ESCARES',31,13,1,'2015-08-28 00:00:00'),(16,'7082580','5','DOMINGO','CHAVARRIA','ALTAMIRANO',70,10,1,'2015-08-28 00:00:00'),(17,'7133565','8','RUBEN ANTONIO','PASTRANA','URRA',55,8,1,'2015-08-28 00:00:00'),(18,'7145142','9','AGUSTIN DELTRANSIT','MONTOYA','MONTOYA',71,10,1,'2015-08-28 00:00:00'),(19,'7159048','8','FELIX HUMBERTO','RIVERO','ALLENDE',70,6,1,'2015-08-28 00:00:00'),(20,'7197816','8','FAVIO MARCELO','CORREA','FERRERA',20,2,1,'2015-08-28 00:00:00'),(21,'7406410','8','PEDRO ANIBAL','FIERRO','ZAPATA',75,2,1,'2015-08-28 00:00:00'),(22,'7454166','6','HECTOR HERNAN','PARADA','GARRIDO',70,9,1,'2015-08-28 00:00:00'),(23,'7675855','7','DANIEL DEL TRANSITO','TORRES','MERINO',25,6,1,'2015-08-28 00:00:00'),(24,'7713987','7','ITALO OMAR','RIQUELME','ASTUDILLO',24,6,1,'2015-08-28 00:00:00'),(25,'7759868','5','ANDRES GERMAN','HIDALGO','PALMA',65,8,1,'2015-08-28 00:00:00'),(26,'7762280','2','FERMIN DEL CARMEN','IBARRA','AGUAYO',65,8,1,'2015-08-28 00:00:00'),(27,'7831507','5','JULIO ERNESTO','PONSS','RIFFO',80,13,1,'2015-08-28 00:00:00'),(28,'7882144','2','MIGUEL ANGEL','GALLEGOS','VERA',15,6,1,'2015-08-28 00:00:00'),(29,'7885576','2','MANUEL JESUS','AREVALO','CISTERNA',23,8,1,'2015-08-28 00:00:00'),(30,'7922496','0','GABRIEL ORLANDO','BASTIAS','NUÑEZ',69,11,1,'2015-08-28 00:00:00'),(31,'7927171','3','CARLOS DEL ROSARIO','DIAZ','MONTECINO',75,25,1,'2015-08-28 00:00:00'),(32,'7956273','4','PATRICIO ORLANDO','RIFFO','ALARCON',31,13,1,'2015-08-28 00:00:00'),(33,'7994732','6','JOSE OSCAR','MENDOZA','ESCARE',65,8,1,'2015-08-28 00:00:00'),(34,'8021741','2','ELOY SEGUNDO','CHAVARRIA','ALTAMIRANO',70,10,1,'2015-08-28 00:00:00'),(35,'8105185','2','SERGIO SEGUNDO','OLIVARES','TRIGO',68,3,1,'2015-08-28 00:00:00'),(36,'8106751','1','JOSE MANUEL','MEDINA','FICA',65,8,1,'2015-08-28 00:00:00'),(37,'8279721','1','CARLOS HAROLD','CASTILLO','DURAN',74,25,1,'2015-08-28 00:00:00'),(38,'8285627','7','VICTOR MANUEL','ESPINAZA','ALVAREZ',77,13,1,'2015-08-28 00:00:00'),(39,'8349463','8','SERGIO ENRIQUE','SARAVIA','TORRES',78,13,1,'2015-08-28 00:00:00'),(40,'8372996','1','JOSE MANUEL','BUSTOS','HERNANDEZ',52,9,1,'2015-08-28 00:00:00'),(41,'8429915','4','LIBRADO DE LA CRUZ','VASQUEZ','VIDAL',78,13,1,'2015-08-28 00:00:00'),(42,'8461522','6','LUPERCIO ENRIQUE','COFRE','PADILLA',67,16,1,'2015-08-28 00:00:00'),(43,'8478892','9','SANTOS DOMINGO','FICA','GUZMAN',75,25,1,'2015-08-28 00:00:00'),(44,'8482910','2','FLORENTINO SEGUNDO','CASTRO','CASTRO',72,25,1,'2015-08-28 00:00:00'),(45,'8507458','K','HIPOLITO ANTONIO','GUTIERREZ','SIERRA',75,25,1,'2015-08-28 00:00:00'),(46,'8587197','8','PEDRO SEGUNDO','PLAZA','SEPULVEDA',75,2,1,'2015-08-28 00:00:00'),(47,'8600331','7','CARLOS FRANCISCO','FIERRO','URRA',65,8,1,'2015-08-28 00:00:00'),(48,'8621019','3','JUAN CARLOS','ESPINOZA','CARVALLO',65,8,1,'2015-08-28 00:00:00'),(49,'8645703','2','LUIS HUMBERTO','PEREIRA','DUARTE',70,9,1,'2015-08-28 00:00:00'),(50,'8737865','9','ADAN ALFONSO','CANCINO','NEIRA',60,4,1,'2015-08-28 00:00:00'),(51,'8849451','2','RODOLFO MAXIMILIANO','DEL RIO','INZUNZA',65,8,1,'2015-08-28 00:00:00'),(52,'8861841','6','LEONARDO BENEDICTO','GARRIDO','ZAPATA',70,6,1,'2015-08-28 00:00:00'),(53,'8872556','5','ANGEL ANTONIO','GARRIDO','GALVEZ',58,15,1,'2015-08-28 00:00:00'),(54,'8942608','1','SERGIO ALEJANDRO','POBLETE','ECHEVERRIA',70,9,1,'2015-08-28 00:00:00'),(55,'9044947','8','LUIS ARNALDO','FUENTES','FLORES',75,25,1,'2015-08-28 00:00:00'),(56,'9067566','4','JAIME OMAR','GAYOSO','SAEZ',55,8,1,'2015-08-28 00:00:00'),(57,'9087036','K','LUIS ARNOLDO','MARIN','NAVARRO',62,8,1,'2015-08-28 00:00:00'),(58,'9143126','2','SERGIO DAVID','ALEGRIA','RETAMAL',23,8,1,'2015-08-28 00:00:00'),(59,'9196042','7','GERARDO ENRIQUE','BELLO','PACHECO',53,8,1,'2015-08-28 00:00:00'),(60,'9224364','8','JOSE RUBEN','ERICES','PACHECO',76,8,1,'2015-08-28 00:00:00'),(61,'9265406','0','PATRICIO EXEQUIEL','RIVERA','OLIVA',70,10,1,'2015-08-28 00:00:00'),(62,'9270994','9','HUGO IVAN','DAZA','VIRA',65,8,1,'2015-08-28 00:00:00'),(63,'9277948','3','MANUEL ANTONIO','FAUNDEZ','MENDOZA',45,9,1,'2015-08-28 00:00:00'),(64,'9294593','6','EDGARDO RENATO','GARCES','MORA',50,8,1,'2015-08-28 00:00:00'),(65,'9301681','5','LUIS ORLANDO','ORTIZ','LOPEZ',61,10,1,'2015-08-28 00:00:00'),(66,'9307294','4','JOSE LUIS','RODRIGUEZ','ALMARZA',70,6,1,'2015-08-28 00:00:00'),(67,'9350256','6','JOSE ANTONIO','GALLARDO','ACUÑA',54,10,1,'2015-08-28 00:00:00'),(68,'9361613','8','JORGE ENRIQUE','VASQUEZ','CARDENAS',75,2,1,'2015-08-28 00:00:00'),(69,'9415776','5','ORLANDO EMILIANO','PULIDO','DAZA',65,8,1,'2015-08-28 00:00:00'),(70,'9427550','4','EDUARDO DAVID','ARAYA','ARAYA',21,8,1,'2015-08-28 00:00:00'),(71,'9447045','5','EDISON WALDO','HERRERA','MUÑOZ',55,8,1,'2015-08-28 00:00:00'),(72,'9451174','7','MARCO ANTONIO','VARGAS','RIQUELME',60,4,1,'2015-08-28 00:00:00'),(73,'9463535','7','DIONISIO EDGARDO','CABRERA','VERGARA',60,4,1,'2015-08-28 00:00:00'),(74,'9463973','5','MANUEL ANTONIO','GARRIDO','ROJAS',32,11,1,'2015-08-28 00:00:00'),(75,'9513237','5','JOSE DOLORES','ROJAS','VALDES',52,9,1,'2015-08-28 00:00:00'),(76,'9516018','2','JOSE DAVID','PEÑA','INOSTROZA',61,10,1,'2015-08-28 00:00:00'),(77,'9518587','8','RENE ALFONSO','SALAZAR','RODRIGUEZ',53,8,1,'2015-08-28 00:00:00'),(78,'9543831','8','JUAN EVARISTO','CEBALLOS','FLORES',25,6,1,'2015-08-28 00:00:00'),(79,'9554506','8','RICARDO DELCARMEN','GARRIDO','ORELLANA',70,9,1,'2015-08-28 00:00:00'),(80,'9562291','7','LUIS EDUARDO','SALAZAR','DIEZ',45,6,1,'2015-08-28 00:00:00'),(81,'9654941','5','JAIME ALONSO','NUÑEZ','MEDINA',23,8,1,'2015-08-28 00:00:00'),(82,'9738822','9','HECTOR CLAUDIO','HENRIQUEZ','ULLOA',70,17,1,'2015-08-28 00:00:00'),(83,'9739053','3','SALVADOR','LABRAÑA','FUENTEALBA',70,6,1,'2015-08-28 00:00:00'),(84,'9741952','3','JUAN PABLO','SAN MARTIN','PEREZ',52,9,1,'2015-08-28 00:00:00'),(85,'9775791','7','ROBERTO','ARANGUIZ','GALAZ',25,6,1,'2015-08-28 00:00:00'),(86,'9777194','4','HECTOR DANILDO','ESPINOZA','JAQUE',69,11,1,'2015-08-28 00:00:00'),(87,'9778363','2','ALVARINO ROBUSTIANO','CASTILLO','MOLINA',65,8,1,'2015-08-28 00:00:00'),(88,'9814620','2','JOSE MANUEL','OPAZO','ALBURQUENQUE',70,6,1,'2015-08-28 00:00:00'),(89,'9814660','1','JULIO CESAR','JENO','CHANDIA',17,6,1,'2015-08-28 00:00:00'),(90,'9850225','4','VICTOR LEONEL','GARATE','FUENTES',58,3,1,'2015-08-28 00:00:00'),(91,'9888909','4','ANAMEL DELC.','AILLON','NOVOA',65,8,1,'2015-08-28 00:00:00'),(92,'9889587','6','PATRICIO ANTONIO','CASTRO','CACERES',19,3,1,'2015-08-28 00:00:00'),(93,'9909589','K','MIGUEL ANGEL','AVILA','RECABAL',60,4,1,'2015-08-28 00:00:00'),(94,'9912222','6','ARIEL FERNANDO','VERDUGO','ESPINOZA',32,11,1,'2015-08-28 00:00:00'),(95,'9912621','3','ENRIQUE SEGUNDO','MONCADA','MONCADA',70,10,1,'2015-08-28 00:00:00'),(96,'9944620','K','CLAUDIA ALEJANDRA','LOPEZ','QUILODRAN',37,24,1,'2015-08-28 00:00:00'),(97,'9988475','4','MARCO ANTONIO','ORTIZ','ROCHA',65,8,1,'2015-08-28 00:00:00'),(98,'10035405','5','MIGUEL ANDRES','CISTERNA','SILVA',52,6,1,'2015-08-28 00:00:00'),(99,'10049228','8','RODRIGO ALEXIS','CONTRERAS','ROJAS',43,24,1,'2015-08-28 00:00:00'),(100,'10053056','2','JORGE ELIAS','GATICA','MUÑOZ',54,9,1,'2015-08-28 00:00:00'),(101,'10057624','4','SINSORINO S.','HIDALGO','MEDINA',26,13,1,'2015-08-28 00:00:00'),(102,'10156024','4','HUMBERTO AURELIO','JIMENEZ','ARIAS',53,8,1,'2015-08-28 00:00:00'),(103,'10178800','8','ADOLFO DEL CARMEN','RAMIREZ','SAAVEDRA',5,10,1,'2015-08-28 00:00:00'),(104,'10256362','K','JUAN RICARDO','GATICA','PARADA',25,6,1,'2015-08-28 00:00:00'),(105,'10287178','2','FERNANDO PATRICIO','BRUCE','GONZALEZ',25,9,1,'2015-08-28 00:00:00'),(106,'10337362','K','RAUL ISAIAS','LAGOS','UTRERAS',52,10,1,'2015-08-28 00:00:00'),(107,'10377332','6','JUAN ENRIQUE','MUÑOZ','CASTILLO',12,6,1,'2015-08-28 00:00:00'),(108,'10387946','9','WLADIMIR ANTONIO','GARRIDO','VERDUGO',12,9,1,'2015-08-28 00:00:00'),(109,'10390973','2','CARLOS FERNANDO','INOSTROZA','CID',61,10,1,'2015-08-28 00:00:00'),(110,'10425605','8','LUIS ERNESTO','ARAVENA','GARRIDO',75,25,1,'2015-08-28 00:00:00'),(111,'10430868','6','PATRICIO DOMINGO','BELMAR','VALERIA',5,10,1,'2015-08-28 00:00:00'),(112,'10461934','7','ARTURO ENRIQUE','GARATE','FUENTES',58,3,1,'2015-08-28 00:00:00'),(113,'10486832','0','HUGO ENRIQUE','ALBORNOZ','GARRIDO',70,9,1,'2015-08-28 00:00:00'),(114,'10493761','6','JIMMY ALEJANDRO','MOLINA','DIAZ',70,9,1,'2015-08-28 00:00:00'),(115,'10497849','5','HECTOR EXEQUIEL','VEGA','VEGA',70,10,1,'2015-08-28 00:00:00'),(116,'10499573','K','ENRIQUE REGINIO','GUZMAN','TRONCOSO',70,10,1,'2015-08-28 00:00:00'),(117,'10522050','2','JORGE ANTONIO','CAMPOS','CACERES',54,9,1,'2015-08-28 00:00:00'),(118,'10522210','6','JACOB DIONISIO','MATAMALA','ARROYO',52,6,1,'2015-08-28 00:00:00'),(119,'10525765','1','OSCAR ANTONIO','MUÑOZ','VASQUEZ',15,6,1,'2015-08-28 00:00:00'),(120,'10538491','2','RUBEN ANTONIO','SANHUEZA','CIFUENTES',70,10,1,'2015-08-28 00:00:00'),(121,'10556998','K','JORGE ANTONIO','MONTECINO','CORTES',73,25,1,'2015-08-28 00:00:00'),(122,'10573408','5','ENRIQUE','MARABOLI','MORALES',75,25,1,'2015-08-28 00:00:00'),(123,'10589154','7','CARLOS FERNANDO','VALDES','MARABOLI',75,25,1,'2015-08-28 00:00:00'),(124,'10608231','6','EDINSON','COLICHEO','HUENCHULLAN',70,6,1,'2015-08-28 00:00:00'),(125,'10622763','2','JUAN CARLOS','DIAZ','FIGUEROA',58,10,1,'2015-08-28 00:00:00'),(126,'10635833','8','PEDRO EDUARDO','RODRIGUEZ','VARGAS',45,8,1,'2015-08-28 00:00:00'),(127,'10658099','5','HUGO CRISTIAN','OLEA','ASTETE',83,24,1,'2015-08-28 00:00:00'),(128,'10802463','1','CARLOS RODRIGO','LOBOS','ARIAS',24,6,1,'2015-08-28 00:00:00'),(129,'10822771','0','LUIS ALFREDO','ACEVEDO','SALAZAR',58,15,1,'2015-08-28 00:00:00'),(130,'10827590','1','EDUARDO GREGORIO','BELMAR','VALERIA',70,10,1,'2015-08-28 00:00:00'),(131,'10844677','3','PEDRO ANIBAL','GOMEZ','ORMEÑO',25,6,1,'2015-08-28 00:00:00'),(132,'10868943','9','LUIS OMAR','GUTIERREZ','ABARCA',84,3,1,'2015-08-28 00:00:00'),(133,'10910221','0','OSVALDO ESTEBAN','COLIPAN','CHOSPI',61,10,1,'2015-08-28 00:00:00'),(134,'10911779','K','JUAN SALVADOR','CAÑOLES','YEVENES',65,8,1,'2015-08-28 00:00:00'),(135,'10926798','8','SALOME UBERLINDA','VASQUEZ','YAÑEZ',79,24,1,'2015-08-28 00:00:00'),(136,'10954701','8','CRISTIAN FRANCISCO','CONSTANZO','PALMA',70,6,1,'2015-08-28 00:00:00'),(137,'10961394','0','JUAN PATRICIO','MUÑOZ','GUTIERREZ',52,10,1,'2015-08-28 00:00:00'),(138,'10988569','K','JOSE DIDIER','CARTES','CEBALLOS',70,6,1,'2015-08-28 00:00:00'),(139,'11174506','4','JUVENAL AQUILES','SALAS','AMIGO',58,15,1,'2015-08-28 00:00:00'),(140,'11237438','8','JOSE AGUSTIN','MUÑOZ','VASQUEZ',75,2,1,'2015-08-28 00:00:00'),(141,'11237472','8','PAULINO ALFONSO','VALDERRAMA','MONSALVES',34,6,1,'2015-08-28 00:00:00'),(142,'11244004','6','LUIS BASILIO','PAREDES','GUZMAN',23,8,1,'2015-08-28 00:00:00'),(143,'11244149','2','CARLOS BENITO','GALDAMES','GALLEGOS',76,8,1,'2015-08-28 00:00:00'),(144,'11244395','9','ERIC JUVENAL','LOPEZ','GONZALEZ',65,8,1,'2015-08-28 00:00:00'),(145,'11293606','8','HERNAN','CRUCES','SOTO',70,17,1,'2015-08-28 00:00:00'),(146,'11319719','6','NESTOR OSVALDO','ASCENCIO','ELGUETA',48,13,1,'2015-08-28 00:00:00'),(147,'11357406','2','CLAUDIO JAVIER','TRIVIÑO','MORALES',65,8,1,'2015-08-28 00:00:00'),(148,'11372470','6','RODRIGO ANDRES','CONCHA','TRONCOSO',75,25,1,'2015-08-28 00:00:00'),(149,'11374958','K','CRISTIAN GABRIEL','FAUNDEZ','MUENA',58,15,1,'2015-08-28 00:00:00'),(150,'11407253','2','BERNARDO APOLINARIO','INOSTROZA','PAVEZ',58,15,1,'2015-08-28 00:00:00'),(151,'11442870','1','JUAN CARLOS','MIRANDA','LEAL',25,9,1,'2015-08-28 00:00:00'),(152,'11457249','7','JUAN CARLOS','MOLINA','DIAZ',70,9,1,'2015-08-28 00:00:00'),(153,'11537771','K','ALEXIS RODRIGO','ALARCON','MOLINES',70,10,1,'2015-08-28 00:00:00'),(154,'11538847','9','LUIS HERNAN','PEREIRA','ALARCON',76,8,1,'2015-08-28 00:00:00'),(155,'11539095','3','NELSON AURELIO','AVILA','TOLEDO',53,8,1,'2015-08-28 00:00:00'),(156,'11539488','6','IVAN ALEJANDRO','MEDINA','ROMERO',76,8,1,'2015-08-28 00:00:00'),(157,'11569547','9','SALVADOR AQUILES','VALDERRAMA','MONSALVE',70,6,1,'2015-08-28 00:00:00'),(158,'11572611','0','PATRICIO ENRIQUE','CORTES','OROSTICA',58,2,1,'2015-08-28 00:00:00'),(159,'11575962','0','ROQUE DEL CARMEN','GALLEGOS','MOLINA',60,4,1,'2015-08-28 00:00:00'),(160,'11578143','K','ELVIS ANTONIO','MARDONES','MARDONES',70,10,1,'2015-08-28 00:00:00'),(161,'11699128','4','MARCO LEONARDO','NAVARRETE','MEDINA',65,8,1,'2015-08-28 00:00:00'),(162,'11757082','7','CRISTIAN EDUARDO','ESCOBAR','LOIZA',19,3,1,'2015-08-28 00:00:00'),(163,'11763563','5','CARLOS LEONEL','MENDEZ','BARRA',52,9,1,'2015-08-28 00:00:00'),(164,'11764768','4','OSCAR ALEJANDRO','MARABOLI','MARABOLI',75,25,1,'2015-08-28 00:00:00'),(165,'11772878','1','VICTOR ENRIQUE','HURTADO','LLANOS',49,6,1,'2015-08-28 00:00:00'),(166,'11773923','6','MAXIMO ESTEBAN','TORRES','TORRES',13,6,1,'2015-08-28 00:00:00'),(167,'11781099','2','HECTOR MAURICIO','FULLER','SANDOVAL',66,6,1,'2015-08-28 00:00:00'),(168,'11788292','6','MARCELO JAVIER','MOSQUEDA','MARABOLI',75,25,1,'2015-08-28 00:00:00'),(169,'11827741','4','RICARDO ANTONIO','LETELIER','VERGARA',44,24,1,'2015-08-28 00:00:00'),(170,'11873146','8','RODRIGO ANTONIO','GUTIERREZ','DIAZ',81,9,1,'2015-08-28 00:00:00'),(171,'11896599','K','ANA MARIA','ESPINOZA','LORENTE',82,24,1,'2015-08-28 00:00:00'),(172,'11900769','0','LUIS ROLANDO','MALBRAN','RIFFO',45,10,1,'2015-08-28 00:00:00'),(173,'11902844','2','LUIS ESTEBAN','PARRA','HENRIQUEZ',67,16,1,'2015-08-28 00:00:00'),(174,'11903419','1','CARLOS ALBERTO','HERRERA','MORA',57,16,1,'2015-08-28 00:00:00'),(175,'11904397','2','CARLOS ALEJANDRO','MEDINA','MUÑOZ',55,8,1,'2015-08-28 00:00:00'),(176,'11956636','3','CHRISTIAN HUMBERTO','LATORRE','ABURTO',54,6,1,'2015-08-28 00:00:00'),(177,'11957138','3','JOSE MAURICIO','PASTEN','ORELLANA',70,6,1,'2015-08-28 00:00:00'),(178,'11957918','K','MAURICIO ESTEBAN','ESCOBAR','FERNANDEZ',30,24,1,'2015-08-28 00:00:00'),(179,'11958271','7','CRISTIAN ALEJANDRO','PEREZ','CABRERA',8,24,1,'2015-08-28 00:00:00'),(180,'11961653','0','MARCO ANTONIO','CONTRERAS','FIGUEROA',25,9,1,'2015-08-28 00:00:00'),(181,'11964387','2','CRISTHIAN GUILLERMO','ALARCON','FUENTEALBA',56,4,1,'2015-08-28 00:00:00'),(182,'11983780','4','JUAN CARLOS','BARRIOS','CACERES',52,25,1,'2015-08-28 00:00:00'),(183,'11983781','2','JOSE RAUL','BARRIOS','CACERES',72,25,1,'2015-08-28 00:00:00'),(184,'12007666','3','MANUEL JESUSU','RIQUELME','JAQUI',61,9,1,'2015-08-28 00:00:00'),(185,'12045335','1','DAVID ARNOLDO','FUENTEALBA','SANCHEZ',70,6,1,'2015-08-28 00:00:00'),(186,'12065826','3','JANIO ALFONSO','ZAPATA','ARAVENA',70,6,1,'2015-08-28 00:00:00'),(187,'12076697','K','ENZO SERGIO','INNOCENTI','CASTRO',41,24,1,'2015-08-28 00:00:00'),(188,'12091656','4','FERNANDO BERNABE','MEJIAS','CACERES',25,6,1,'2015-08-28 00:00:00'),(189,'12102106','4','FLORINDO DESIDERIO','NEIRA','ROA',14,4,1,'2015-08-28 00:00:00'),(190,'12120816','4','ROGER DANNY','RUMEAU','VERGARA',39,24,1,'2015-08-28 00:00:00'),(191,'12127096','K','ROBERTO ANTONIO','SARAVIA','AGUILERA',25,6,1,'2015-08-28 00:00:00'),(192,'12145152','2','JULIO HUMBERTO','SAEZ','VILLEGAS',28,10,1,'2015-08-28 00:00:00'),(193,'12147032','2','VICTOR EUGENIO','SARAVIA','TORRES',25,6,1,'2015-08-28 00:00:00'),(194,'12158777','7','PEDRO OSLAVIO','BARRERA','CARRASCO',58,15,1,'2015-08-28 00:00:00'),(195,'12185198','9','PEDRO ANTONIO','MONTECINOS','MUÑOZ',70,9,1,'2015-08-28 00:00:00'),(196,'12201944','6','MARTA GLORIA','ARAVENA','NECULQUEO',40,10,1,'2015-08-28 00:00:00'),(197,'12243880','5','ARMANDO ESTEBAN','RETAMAL','ARELLANO',2,9,1,'2015-08-28 00:00:00'),(198,'12304323','5','MOISES','DIAZ','GONZALEZ',65,8,1,'2015-08-28 00:00:00'),(199,'12304678','1','IVAN RODRIGO','RUIZ','PACHECO',70,6,1,'2015-08-28 00:00:00'),(200,'12320325','9','MARCIAL DEL TRANCITO','SARAVIA','TORRES',5,13,1,'2015-08-28 00:00:00'),(201,'12327023','1','CESAR GUIDO','CARRASCO','CARRASCO',70,10,1,'2015-08-28 00:00:00'),(202,'12338838','0','HECTOR RUBEN','MONTECINO','ORTIZ',74,25,1,'2015-08-28 00:00:00'),(203,'12371837','2','RUBEN DARIO','EPULEF','SALAS',74,25,1,'2015-08-28 00:00:00'),(204,'12418526','2','CRISTIAN EUGENIO','DIAZ','VERGARA',12,9,1,'2015-08-28 00:00:00'),(205,'12418749','4','CLAUDIO ALEJANDRO','ABURTO','CAMPOS',25,9,1,'2015-08-28 00:00:00'),(206,'12418897','0','IVAN ARTURO','TAPIA','GALLEGOS',75,25,1,'2015-08-28 00:00:00'),(207,'12418948','9','ELSON BENIGNO','FUENTES','TOLOSA',52,25,1,'2015-08-28 00:00:00'),(208,'12489809','9','ROBERTO ENRIQUE','MATAMALA','LABRA',70,6,1,'2015-08-28 00:00:00'),(209,'12524839','K','ENRIQUE ALBERTO','PORTER','SIMON',83,24,1,'2015-08-28 00:00:00'),(210,'12525313','K','FABIAN RODRIGO','RIQUELME','TAPIA',76,8,1,'2015-08-28 00:00:00'),(211,'12529918','0','HECTOR JAVIER','RODRIGUEZ','RIVAS',60,4,1,'2015-08-28 00:00:00'),(212,'12548757','2','JOSE MIGUEL','SEGURA','BALLADARES',25,9,1,'2015-08-28 00:00:00'),(213,'12552901','1','CARLOS PATRICIO','BUSTOS','DIAZ',9,24,1,'2015-08-28 00:00:00'),(214,'12561020','K','NELSON ALEXIS','ALEGRIA','RETAMAL',23,8,1,'2015-08-28 00:00:00'),(215,'12702737','4','MAURICIO ANDRES','GONZALEZ','YAÑEZ',60,4,1,'2015-08-28 00:00:00'),(216,'12704966','1','ABRAHAM RENE','RIFFO','OVIEDO',67,16,1,'2015-08-28 00:00:00'),(217,'12762920','K','RODRIGO ANTONIO','MATAMALA','BETANCOURT',16,13,1,'2015-08-28 00:00:00'),(218,'12762999','4','JAVIER ALEJANDRO','YEVENES','ARIAS',70,6,1,'2015-08-28 00:00:00'),(219,'12764482','9','JUAN PEDRO','RIOS','SEPULVEDA',70,6,1,'2015-08-28 00:00:00'),(220,'12764856','5','CRISTIAN ANDRES','VERA','HENRIQUEZ',58,5,1,'2015-08-28 00:00:00'),(221,'12765190','6','SERGIO ALEJANDRO','PRADENAS','PEREIRA',38,24,1,'2015-08-28 00:00:00'),(222,'12767900','2','VICTOR RENE','YAUPE','VALDEBENITO',62,8,1,'2015-08-28 00:00:00'),(223,'12769693','4','JOSE DE LA CRUZ','ROCHA','FLORES',21,8,1,'2015-08-28 00:00:00'),(224,'12772830','5','ADRIAN ANTONIO','FLORES','BARRA',58,5,1,'2015-08-28 00:00:00'),(225,'12788269','K','DANILO ANTONIO','CACERES','CORNEJO',24,9,1,'2015-08-28 00:00:00'),(226,'12795857','2','JOSE MARCELINO','CRUZ','FLORES',70,6,1,'2015-08-28 00:00:00'),(227,'12795866','1','CARMELO DEL TRANSITO','ASENCIO','CISTERNA',70,6,1,'2015-08-28 00:00:00'),(228,'12916561','8','CRISTIAN ANDRES','MUÑOZ','HERRERA',70,9,1,'2015-08-28 00:00:00'),(229,'12922564','5','MARIA EUGENIA','MENA','PASMIÑO',4,24,1,'2015-08-28 00:00:00'),(230,'12924652','9','CESAR RODRIGO','ROJAS','SAEZ',22,8,1,'2015-08-28 00:00:00'),(231,'12926963','4','MARIO CRISTIAN','ARIAS','MUÑOZ',70,10,1,'2015-08-28 00:00:00'),(232,'12971115','9','ENZO ANDRES','GARCIA','ROSALES',25,6,1,'2015-08-28 00:00:00'),(233,'12974596','7','OLGA INES','PEREZ','CASANOVA',47,24,1,'2015-08-28 00:00:00'),(234,'12982967','2','EDGARDO MAURICIO','AVILEZ','FERNANDEZ',65,8,1,'2015-08-28 00:00:00'),(235,'13105501','3','EUSEBIO ENRIQUE','SANHUEZA','BECERRA',60,4,1,'2015-08-28 00:00:00'),(236,'13128250','8','CESAR ANTONIO','VIDAL','MUÑOZ',75,2,1,'2015-08-28 00:00:00'),(237,'13128935','9','MAURICIO ALEJANDRO','FIGUEROA','ROMERO',70,6,1,'2015-08-28 00:00:00'),(238,'13132011','6','EDUARDO DEL TRANSITO','MERINO','MONSALVE',61,6,1,'2015-08-28 00:00:00'),(239,'13132029','9','SERGIO FRANCISCO','CHANDIA','ALVEAR',54,6,1,'2015-08-28 00:00:00'),(240,'13142109','5','JOSE ADOLFO','NUÑEZ','GALLARDO',22,8,1,'2015-08-28 00:00:00'),(241,'13146774','5','JOSE TOMAS','TORRES','CARRILLO',63,8,1,'2015-08-28 00:00:00'),(242,'13146903','9','JOAQUIN ERIC','GONZALEZ','REBOLLEDO',36,8,1,'2015-08-28 00:00:00'),(243,'13149138','7','RODRIGO WLADIMIR','HENRIQUEZ','SANDOVAL',54,10,1,'2015-08-28 00:00:00'),(244,'13210203','1','NESTOR JONHY','SAEZ','VILLARROEL',55,8,1,'2015-08-28 00:00:00'),(245,'13312590','6','CRISTIAN FABIAN','PARRA','VELASQUEZ',60,4,1,'2015-08-28 00:00:00'),(246,'13316595','9','SERGIO FERNANDO','IBAÑEZ','FLORES',54,13,1,'2015-08-28 00:00:00'),(247,'13354235','3','HECTOR ANTONIO','LUNA','CASTRO',74,25,1,'2015-08-28 00:00:00'),(248,'13376464','K','CRISTIAN EDUARDO','URIBE','FIERRO',70,6,1,'2015-08-28 00:00:00'),(249,'13378688','0','ORLANDO ANTONIO','MEDINA','SOTO',65,8,1,'2015-08-28 00:00:00'),(250,'13379150','7','CRISTIAN ALEXIS','CRISOSTOMO','PINO',58,1,1,'2015-08-28 00:00:00'),(251,'13383855','4','DANILO ALBERTO','ECHEVERRIA','TOLOZA',58,17,1,'2015-08-28 00:00:00'),(252,'13501011','1','MANUEL ALEXIS','ADASME','MACHUCA',58,3,1,'2015-08-28 00:00:00'),(253,'13578581','4','DANIEL ISAIAS','CHAMBLAS','VELASQUEZ',22,8,1,'2015-08-28 00:00:00'),(254,'13606459','2','JUAN ALEXIS','HERNANDEZ','MONSALVES',60,4,1,'2015-08-28 00:00:00'),(255,'13606612','9','ALAN DARIO','CALDERON','DIAZ',62,8,1,'2015-08-28 00:00:00'),(256,'13621235','4','MIGUEL ANGEL','MERINO','CAMPOS',70,6,1,'2015-08-28 00:00:00'),(257,'13727845','6','XIMENA ANDREA','GUZMAN','VIVAR',46,8,1,'2015-08-28 00:00:00'),(258,'13785978','5','MARIO ESTEBAN','PEREIRA','FAUNDEZ',25,9,1,'2015-08-28 00:00:00'),(259,'13786388','K','ERASMO EDUARDO','MARABOLI','VALENZUELA',33,11,1,'2015-08-28 00:00:00'),(260,'13794470','7','LUIS ANTONIO','CID','GONZALEZ',58,6,1,'2015-08-28 00:00:00'),(261,'13795432','K','JOSE LUIS','CABRERA','FLORES',80,6,1,'2015-08-28 00:00:00'),(262,'13795446','K','CLAUDIO  ANDRES','PUENTES','PUENTES',78,13,1,'2015-08-28 00:00:00'),(263,'13795466','4','CRISTIAN ANTONIO','VALDERRAMA','SAAVEDRA',70,6,1,'2015-08-28 00:00:00'),(264,'13805396','2','CRISTIAN RODOLFO','FLORES','BARRA',29,24,1,'2015-08-28 00:00:00'),(265,'13861507','3','BORIS ALEXIS','SAEZ','DEL PINO',54,13,1,'2015-08-28 00:00:00'),(266,'13950572','7','RODRIGO JESUS','BECERRA','FUENTES',40,25,1,'2015-08-28 00:00:00'),(267,'13959090','2','FREDS RODETMIST','PARRA','HENRIQUEZ',67,16,1,'2015-08-28 00:00:00'),(268,'14028183','2','DANIEL ESTEBAN','MERINO','VILLAGRAN',54,6,1,'2015-08-28 00:00:00'),(269,'14029666','K','JOSE LUIS','SANCHEZ','VERGARA',70,6,1,'2015-08-28 00:00:00'),(270,'14057626','3','JUAN CARLOS','ZAPATA','ZAPATA',70,6,1,'2015-08-28 00:00:00'),(271,'14058222','0','CARLOS OMAR','RIQUELME','ORELLANA',20,2,1,'2015-08-28 00:00:00'),(272,'14058590','4','ALEJANDRO TOMAS','LAVANDERO','ALVEAR',27,6,1,'2015-08-28 00:00:00'),(273,'14062749','6','DAVID ESTEBAN','KNOLL','GONZALEZ',60,4,1,'2015-08-28 00:00:00'),(274,'14069369','3','JOEL ANDRES','ROMERO','SANHUEZA',58,17,1,'2015-08-28 00:00:00'),(275,'14077097','3','FRANCISCO JAVIER','SAN MARTIN','ACUÑA',64,10,1,'2015-08-28 00:00:00'),(276,'14094024','0','RICARDO ANDRES','DIAZ','BRAVO',75,25,1,'2015-08-28 00:00:00'),(277,'14095463','2','MARCELO HERNANDO','CARRASCO','SOTO',52,10,1,'2015-08-28 00:00:00'),(278,'14276862','3','CRISTIAN MAURICIO','BAEZA','GALAZ',59,10,1,'2015-08-28 00:00:00'),(279,'14283971','7','ALEX IVAN','CANCINO','CANCINO',74,25,1,'2015-08-28 00:00:00'),(280,'14325370','8','JUAN ALEJANDRO','GAVILAN','URTUBIA',6,10,1,'2015-08-28 00:00:00'),(281,'14341522','8','JOSE RIGOBERTO','JARAMILLO','HERNANDEZ',70,9,1,'2015-08-28 00:00:00'),(282,'14359776','8','PABLO ANDRES','GODOY','MUÑOZ',58,5,1,'2015-08-28 00:00:00'),(283,'14425001','K','VICTOR FLORENCIO','CEBALLOS','ORMEÑO',70,10,1,'2015-08-28 00:00:00'),(284,'14450147','0','ANDRES ANTONIO','GARRIDO','GONZALEZ',58,9,1,'2015-08-28 00:00:00'),(285,'14462375','4','FRANCISCO ESTEBAN','ARANEDA','ARAYA',58,1,1,'2015-08-28 00:00:00'),(286,'14482471','7','LUIS ARTEMIO','SANCHEZ','CARRIZO',70,6,1,'2015-08-28 00:00:00'),(287,'14489421','9','MARCELO ANTONIO','HERNANDEZ','GUTIERREZ',12,9,1,'2015-08-28 00:00:00'),(288,'14506319','1','RODRIGO ALEJANDRO','RIVAS','VERA',24,6,1,'2015-08-28 00:00:00'),(289,'14507665','K','BENEDICTO ELADIO','VENEGAS','SAEZ',70,6,1,'2015-08-28 00:00:00'),(290,'14562529','7','CRISTIAN ESTEBAN','CASTRO','MORALES',70,9,1,'2015-08-28 00:00:00'),(291,'14615087','K','MARIA PAZ','AGUILLON','MANIER',4,24,1,'2015-08-28 00:00:00'),(292,'14915514','7','HUGO HERNAN','VENEGAS','ESPINOZA',72,25,1,'2015-08-28 00:00:00'),(293,'15145855','6','LEONARDO ALIRO','OYARZO','HUENULEF',54,9,1,'2015-08-28 00:00:00'),(294,'15164559','3','ERWIN ALBERTO','FIERRO','MERINO',58,1,1,'2015-08-28 00:00:00'),(295,'15165243','3','ALEX CLODOMIRO','ORMEÑO','DIAZ',58,5,1,'2015-08-28 00:00:00'),(296,'15165584','K','JOSE OCTAVIO','JARA','PEREZ',75,2,1,'2015-08-28 00:00:00'),(297,'15171726','8','WLADIMIR ALEXIS','CRISOSTOMO','SUAZO',13,6,1,'2015-08-28 00:00:00'),(298,'15172218','0','CRISTIAN ALEXIS','VASQUEZ','VERA',54,6,1,'2015-08-28 00:00:00'),(299,'15174408','7','DANILO RENE','MARDONES','JARA',65,8,1,'2015-08-28 00:00:00'),(300,'15181190','6','CRISTIAN ANDRES','DURAN','GARCIA',52,6,1,'2015-08-28 00:00:00'),(301,'15182009','3','RENATO ALEJANDRO','ORTIZ','MENDOZA',34,6,1,'2015-08-28 00:00:00'),(302,'15192352','6','CRISTIAN ALEJANDRO','GRANDON','ARAVENA',34,6,1,'2015-08-28 00:00:00'),(303,'15197944','0','CRISTIAN ALEJANDRO','ALARCON','BUSTOS',22,8,1,'2015-08-28 00:00:00'),(304,'15225166','1','CHRISTIAN FELIPE','LERMANDA','RIQUELME',52,6,1,'2015-08-28 00:00:00'),(305,'15226530','1','MANUEL ANDRES','GARCIA','SANTIBAÑEZ',70,6,1,'2015-08-28 00:00:00'),(306,'15478706','2','MARCOS JAVIER','VALENZUELA','ESPINOZA',70,6,1,'2015-08-28 00:00:00'),(307,'15502211','6','PEDRO ANTONIO','VALENZUELA','CONTRERAS',15,6,1,'2015-08-28 00:00:00'),(308,'15520411','7','ELIECER ALISANDRO','SEPULVEDA','CARTES',60,4,1,'2015-08-28 00:00:00'),(309,'15598994','7','DAGOBERTO FRANCISCO','SALGADO','GONZALEZ',70,9,1,'2015-08-28 00:00:00'),(310,'15659899','2','LUIS ARMANDO','SANTANDER','GARCIA',65,8,1,'2015-08-28 00:00:00'),(311,'15834898','5','CLAUDIO ANDRES','MARABOLI','MORALES',74,25,1,'2015-08-28 00:00:00'),(312,'15835184','6','JOSE SALUDINO','VALDES','NAVARRETE',70,9,1,'2015-08-28 00:00:00'),(313,'15855755','K','JOSE FABIAN','MANRIQUEZ','ROSALES',54,13,1,'2015-08-28 00:00:00'),(314,'15875335','9','JOSE ANTONIO','SOTO','MARDONES',24,6,1,'2015-08-28 00:00:00'),(315,'15877048','2','ELISEO EDIMIR','TRONCOSO','PERALTA',24,6,1,'2015-08-28 00:00:00'),(316,'15937548','K','FELIPE ANDRES','ROJAS','RIVERA',24,6,1,'2015-08-28 00:00:00'),(317,'15937727','K','CLAUDIO ANTONIO','MERINO','SALDIAS',15,6,1,'2015-08-28 00:00:00'),(318,'15945039','2','CARLOS MIGUEL','OLIVARES','AGUAYO',35,13,1,'2015-08-28 00:00:00'),(319,'15990544','6','MARCO ANTONIO','SANFUENTES','CARCAMO',2,8,1,'2015-08-28 00:00:00'),(320,'16036469','6','ALLAN ANDRES','RODRIGUEZ','ARANEDA',39,24,1,'2015-08-28 00:00:00'),(321,'16036802','0','FRANCISCO JAVIER','MUÑOZ','TORRES',25,6,1,'2015-08-28 00:00:00'),(322,'16090326','0','JONATHAN EMANUEL','BRAVO','PALMA',58,15,1,'2015-08-28 00:00:00'),(323,'16090733','9','MIGUEL ANGEL','NUÑEZ','GATICA',25,9,1,'2015-08-28 00:00:00'),(324,'16108441','7','GONZALO ERNESTO','MONSALVES','GUZMAN',65,8,1,'2015-08-28 00:00:00'),(325,'16154740','9','CRISTIAN HECTOR','VELOSO','PEREZ',16,6,1,'2015-08-28 00:00:00'),(326,'16179341','8','HECTOR ANTONIO','LOBOS','TAPIA',58,3,1,'2015-08-28 00:00:00'),(327,'16185583','9','JUAN FRANCISCO','MERINO','ROMERO',15,6,1,'2015-08-28 00:00:00'),(328,'16220402','5','FERNANDO ALEXIS','SAEZ','MORA',25,6,1,'2015-08-28 00:00:00'),(329,'16250862','8','JAVIER EDUARDO','FLORES','ABARCA',58,3,1,'2015-08-28 00:00:00'),(330,'16254974','K','JOSE IGNACIO','MORA','BARAHONA',58,3,1,'2015-08-28 00:00:00'),(331,'16256027','1','ORLANDO VALENTIN','ARAYA','CONCHA',25,9,1,'2015-08-28 00:00:00'),(332,'16294098','8','RODRIGO ALEJANDRO','MEDEL','RODRIGUEZ',74,25,1,'2015-08-28 00:00:00'),(333,'16369944','3','FELIPE  ANDRES','DUPRE','MERINO',15,6,1,'2015-08-28 00:00:00'),(334,'16394775','7','CRISTIAN ANDRES','GARRIDO','RAMIREZ',70,10,1,'2015-08-28 00:00:00'),(335,'16396886','K','VICTOR HUGO','PEREDA','AEDO',58,17,1,'2015-08-28 00:00:00'),(336,'16404782','2','MARCELO EDUARDO','MONTECINOS','PARANCAN',70,6,1,'2015-08-28 00:00:00'),(337,'16405402','0','ALEXIS ALFONSO','ROBLES','BUSTOS',24,6,1,'2015-08-28 00:00:00'),(338,'16405458','6','MARCELO DEL CARMEN','VALDERRAMA','SAAVEDRA',58,2,1,'2015-08-28 00:00:00'),(339,'16405514','0','LORENA DEL ROSARIO','PEREZ','VASQUEZ',52,6,1,'2015-08-28 00:00:00'),(340,'16473727','6','KATHERINE STEPHANIE','WANDERSLEBEN','THOMANN',40,25,1,'2015-08-28 00:00:00'),(341,'16515641','2','CRISTIAN GERSON','AVILA','TOLEDO',23,8,1,'2015-08-28 00:00:00'),(342,'16554560','5','SERGIO ANDRES','OLIVARES','MACHUCA',58,3,1,'2015-08-28 00:00:00'),(343,'16679299','1','HERALDO CAROL','DIAZ','VALENZUELA',52,25,1,'2015-08-28 00:00:00'),(344,'16679826','4','FRANCISCA LORETO','CARRASCO','MARABOLI',7,9,1,'2015-08-28 00:00:00'),(345,'16685136','K','JONATHAN RAUL','MELLA','VASQUEZ',70,6,1,'2015-08-28 00:00:00'),(346,'16726233','3','INALEC ANTONIO','TORRES','VALDES',73,25,1,'2015-08-28 00:00:00'),(347,'16728676','3','ALEJANDRO ALFONSO','LOPEZ','REBOLLEDO',73,25,1,'2015-08-28 00:00:00'),(348,'16762047','7','VICTORIA LORETO','MORENO','OLIVARES',10,24,1,'2015-08-28 00:00:00'),(349,'16853723','9','PABLO ESTEBAN','FLORES','BARRA',58,5,1,'2015-08-28 00:00:00'),(350,'16857109','7','LUIS ALBERTO','PEREIRA','PEREIRA',12,9,1,'2015-08-28 00:00:00'),(351,'16873412','3','JAVIER ANTONIO','CONTRERAS','PARRA',2,6,1,'2015-08-28 00:00:00'),(352,'16993380','4','LUIS ALFREDO','TORRES','VIVEROS',61,6,1,'2015-08-28 00:00:00'),(353,'16993392','8','CARLOS MARIO','JARA','CAMPOS',34,6,1,'2015-08-28 00:00:00'),(354,'16993402','9','HECTOR HERNAN','BELLO','ROBLES',58,1,1,'2015-08-28 00:00:00'),(355,'16993616','1','GUSTAVO ALEXIS','VIVEROS','RAMIREZ',15,6,1,'2015-08-28 00:00:00'),(356,'16993665','K','CRISTIAN ANDRES','TORRES','SOBARZO',16,6,1,'2015-08-28 00:00:00'),(357,'17046154','1','DIEGO ANDRES','MUÑOZ','RAMIREZ',22,8,1,'2015-08-28 00:00:00'),(358,'17055657','7','GABRIEL ENRIQUE','MARDONEZ','ESPINOZA',25,6,1,'2015-08-28 00:00:00'),(359,'17130542','K','CLAUDIO HERNAN','MORENO','HIDALGO',70,6,1,'2015-08-28 00:00:00'),(360,'17131094','6','JOSE CARLOS','ACEVEDO','QUILODRAN',16,6,1,'2015-08-28 00:00:00'),(361,'17183010','9','GERMAIN ANDRES','SANCHEZ','VERGARA',70,6,1,'2015-08-28 00:00:00'),(362,'17204699','1','CRISTIAN ALEJANDRO','LORCA','LORCA',58,3,1,'2015-08-28 00:00:00'),(363,'17212238','8','CARLOS JAVIER','ACEVEDO','VILLARROEL',74,25,1,'2015-08-28 00:00:00'),(364,'17212383','K','LUIS DANIEL','BARRIOS','PALACIOS',25,9,1,'2015-08-28 00:00:00'),(365,'17213890','K','OMAR EMILIO','ZARATE','CABRERA',40,8,1,'2015-08-28 00:00:00'),(366,'17217902','9','MOISES ENRIQUE','FUENTES','CHAVEZ',70,6,1,'2015-08-28 00:00:00'),(367,'17218108','2','DANIEL RODRIGO','ORTEGA','GARRIDO',54,6,1,'2015-08-28 00:00:00'),(368,'17263297','1','JUAN ANIBAL','HENRIQUEZ','ARANEDA',17,6,1,'2015-08-28 00:00:00'),(369,'17285917','8','HECTOR ANDRES','CONTRERAS','CONTRERAS',25,6,1,'2015-08-28 00:00:00'),(370,'17301917','3','CRISTIAN ENOC','LEAL','MIRANDA',70,6,1,'2015-08-28 00:00:00'),(371,'17366141','K','FRANCISCO JAVIER','VIOLLO','BELTRAN',40,6,1,'2015-08-28 00:00:00'),(372,'17395536','7','JOSE LEONEL','SAEZ','VILLARROEL',21,8,1,'2015-08-28 00:00:00'),(373,'17527348','4','JUAN OCTAVIO','SOTO','NUÑEZ',58,3,1,'2015-08-28 00:00:00'),(374,'17548553','8','JAIME ALONSO','NUÑEZ','GONZALEZ',62,8,1,'2015-08-28 00:00:00'),(375,'17636886','1','DAVID ENRIQUE','PEDREROS','CARTES',24,6,1,'2015-08-28 00:00:00'),(376,'17637020','3','DANIEL ANDRES','ASTUDILLO','MUÑOZ',15,6,1,'2015-08-28 00:00:00'),(377,'17648159','5','LUIS FERNANDO','MEDINA','OBREQUE',76,8,1,'2015-08-28 00:00:00'),(378,'17747639','0','FRANCISCO ANDRES','SANDOVAL','BETANCUR',24,6,1,'2015-08-28 00:00:00'),(379,'17825954','7','FRANCISCO MIGUEL','VILLENA','GONZALEZ',74,25,1,'2015-08-28 00:00:00'),(380,'17868103','6','CARLOS FERNANDO','INOSTROZA','CUEVAS',70,10,1,'2015-08-28 00:00:00'),(381,'17869231','3','JUAN GABRIEL','GARRIDO','RAMIREZ',54,10,1,'2015-08-28 00:00:00'),(382,'17934746','6','HECTOR MIGUEL','RABANAL','YEVENES',27,6,1,'2015-08-28 00:00:00'),(383,'17969417','4','HERADIO ALEJANDRO','SALAZAR','SANTIBAÑEZ',21,8,1,'2015-08-28 00:00:00'),(384,'18028911','9','EDUARDO ANDRES','CACERES','SEPULVEDA',73,25,1,'2015-08-28 00:00:00'),(385,'18134817','8','RODRIGO ALEJANDRO','RUIZ','MAYORINCA',25,6,1,'2015-08-28 00:00:00'),(386,'18144991','8','CRISTOPHER ORLANDO','MARQUEZ','OLIVERO',7,6,1,'2015-08-28 00:00:00'),(387,'18155887','3','ERWIN ANTONIO','RIQUELME','VASQUEZ',13,6,1,'2015-08-28 00:00:00'),(388,'18231527','3','LEANDRO ALEXIS','RAMIREZ','RIVERA',25,9,1,'2015-08-28 00:00:00'),(389,'18232208','3','EDUARDO ROLANDO','DIAZ','MEDINA',11,8,1,'2015-08-28 00:00:00'),(390,'18387259','1','CAMILA IGNACIA','RIVAS','ROJAS',3,24,1,'2015-08-28 00:00:00'),(391,'18404833','7','LESLY GERALDINE','SEPULVEDA','REIMAN',3,24,1,'2015-08-28 00:00:00'),(392,'18410418','0','MIGUEL ANGEL','ALVAREZ','PROVOSTE',51,13,1,'2015-08-28 00:00:00'),(393,'18524825','9','MIGUEL ANGEL','GARRIDO','RAMIREZ',16,10,1,'2015-08-28 00:00:00'),(394,'18548988','4','HERNAN ALEJANDRO','GARCES','VERA',15,6,1,'2015-08-28 00:00:00'),(395,'18678360','3','BASTIAN EDUARDO','GUTIERREZ','MEDINA',21,8,1,'2015-08-28 00:00:00'),(396,'18746494','3','ALVARO CRISTIAN','BARRIGA','CAMPOS',70,6,1,'2015-08-28 00:00:00'),(397,'18771683','7','PABLO ANTONIO','MIRANDA','ARRIAGADA',15,6,1,'2015-08-28 00:00:00'),(398,'18974935','K','DAVID ELIAS','MORENO','HIDALGO',25,6,1,'2015-08-28 00:00:00'),(399,'19036516','6','EDGARDO ANDRES','VILLARROEL','PAREDES',22,8,1,'2015-08-28 00:00:00'),(400,'19217687','5','JOSE IGNACIO','RIVAS','MOLINA',16,10,1,'2015-08-28 00:00:00'),(401,'19251359','6','FRANCISCO ALEJANDRO','CISTERNA','CRUZ',16,6,1,'2015-08-28 00:00:00'),(402,'19251496','7','CARLOS ANDRES','CABEZAS','LAGOS',18,6,1,'2015-08-28 00:00:00');
/*!40000 ALTER TABLE `personas` ENABLE KEYS */;
UNLOCK TABLES;

--
-- Table structure for table `propietarios`
--

DROP TABLE IF EXISTS `propietarios`;
/*!40101 SET @saved_cs_client     = @@character_set_client */;
/*!40101 SET character_set_client = utf8 */;
CREATE TABLE `propietarios` (
  `idPropietarios` int(11) NOT NULL,
  `nombre` varchar(45) DEFAULT NULL,
  `creadoPor` int(11) DEFAULT NULL,
  `creadoAt` datetime DEFAULT NULL,
  PRIMARY KEY (`idPropietarios`),
  UNIQUE KEY `idPropietarios_UNIQUE` (`idPropietarios`)
) ENGINE=InnoDB DEFAULT CHARSET=latin1;
/*!40101 SET character_set_client = @saved_cs_client */;

--
-- Dumping data for table `propietarios`
--

LOCK TABLES `propietarios` WRITE;
/*!40000 ALTER TABLE `propietarios` DISABLE KEYS */;
INSERT INTO `propietarios` VALUES (1,'ISAB',1,'2015-08-19 00:00:00'),(2,'Serfocol',1,'2015-08-19 00:00:00'),(3,'Trust',1,'2015-08-19 00:00:00'),(4,'Otros',1,'2015-08-19 00:00:00');
/*!40000 ALTER TABLE `propietarios` ENABLE KEYS */;
UNLOCK TABLES;

--
-- Table structure for table `proveedores`
--

DROP TABLE IF EXISTS `proveedores`;
/*!40101 SET @saved_cs_client     = @@character_set_client */;
/*!40101 SET character_set_client = utf8 */;
CREATE TABLE `proveedores` (
  `idProveedores` int(11) NOT NULL,
  `rut` int(11) DEFAULT NULL,
  `dv` char(1) DEFAULT NULL,
  `nombre` varchar(45) DEFAULT NULL,
  `margen` decimal(10,0) DEFAULT NULL,
  `creadoPor` int(11) DEFAULT NULL,
  `creadoAt` datetime DEFAULT NULL,
  PRIMARY KEY (`idProveedores`),
  UNIQUE KEY `idProveedores_UNIQUE` (`idProveedores`)
) ENGINE=InnoDB DEFAULT CHARSET=latin1;
/*!40101 SET character_set_client = @saved_cs_client */;

--
-- Dumping data for table `proveedores`
--

LOCK TABLES `proveedores` WRITE;
/*!40000 ALTER TABLE `proveedores` DISABLE KEYS */;
INSERT INTO `proveedores` VALUES (1,6778267,'4','Jaime P.Basualdo Misto',1,1,'2015-09-01 00:00:00'),(2,77915260,'K','Sociedad Comercial San Miguel Limitada',1,1,'2015-09-01 00:00:00'),(3,99520000,'7','Cia.de Petroleos de Chile Copec S.A.',1,1,'2015-09-01 00:00:00'),(4,76278485,'8','COMBUSTIBLES TRIMAX',1,1,'2015-09-01 00:00:00'),(5,78019200,'3','Comercial Bosque del Mataquito Ltda',0,1,'2015-09-01 00:00:00');
/*!40000 ALTER TABLE `proveedores` ENABLE KEYS */;
UNLOCK TABLES;

--
-- Table structure for table `proveedoresfaenas`
--

DROP TABLE IF EXISTS `proveedoresfaenas`;
/*!40101 SET @saved_cs_client     = @@character_set_client */;
/*!40101 SET character_set_client = utf8 */;
CREATE TABLE `proveedoresfaenas` (
  `idProveedoresFaenas` int(11) NOT NULL,
  `idFaenas` int(11) DEFAULT NULL,
  `idProveedor` int(11) DEFAULT NULL,
  `creadoPor` int(11) DEFAULT NULL,
  `creadoAt` datetime DEFAULT NULL,
  PRIMARY KEY (`idProveedoresFaenas`),
  UNIQUE KEY `idProveedoresFaenas_UNIQUE` (`idProveedoresFaenas`),
  KEY `fk_proveedoresFaenas_faenas1_idx` (`idFaenas`),
  KEY `fk_proveedoresFaenas_proveedores1_idx` (`idProveedor`),
  CONSTRAINT `fk_proveedoresFaenas_faenas1` FOREIGN KEY (`idFaenas`) REFERENCES `faenas` (`idFaena`) ON DELETE NO ACTION ON UPDATE NO ACTION,
  CONSTRAINT `fk_proveedoresFaenas_proveedores1` FOREIGN KEY (`idProveedor`) REFERENCES `proveedores` (`idProveedores`) ON DELETE NO ACTION ON UPDATE NO ACTION
) ENGINE=InnoDB DEFAULT CHARSET=latin1;
/*!40101 SET character_set_client = @saved_cs_client */;

--
-- Dumping data for table `proveedoresfaenas`
--

LOCK TABLES `proveedoresfaenas` WRITE;
/*!40000 ALTER TABLE `proveedoresfaenas` DISABLE KEYS */;
INSERT INTO `proveedoresfaenas` VALUES (1,11,1,1,'2015-09-01 00:00:00'),(2,24,2,1,'2015-09-01 00:00:00'),(3,6,3,1,'2015-09-01 00:00:00'),(4,3,3,1,'2015-09-01 00:00:00'),(5,11,3,1,'2015-09-01 00:00:00'),(6,15,3,1,'2015-09-01 00:00:00'),(7,9,3,1,'2015-09-01 00:00:00'),(8,13,3,1,'2015-09-01 00:00:00'),(9,4,3,1,'2015-09-01 00:00:00'),(10,8,3,1,'2015-09-01 00:00:00'),(11,1,3,1,'2015-09-01 00:00:00'),(12,2,3,1,'2015-09-01 00:00:00'),(13,18,3,1,'2015-09-01 00:00:00'),(14,12,3,1,'2015-09-01 00:00:00'),(15,7,3,1,'2015-09-01 00:00:00'),(16,14,3,1,'2015-09-01 00:00:00'),(17,10,4,1,'2015-09-01 00:00:00'),(18,17,4,1,'2015-09-01 00:00:00'),(19,16,4,1,'2015-09-01 00:00:00'),(20,18,5,1,'2015-09-01 00:00:00');
/*!40000 ALTER TABLE `proveedoresfaenas` ENABLE KEYS */;
UNLOCK TABLES;

--
-- Table structure for table `provider`
--

DROP TABLE IF EXISTS `provider`;
/*!40101 SET @saved_cs_client     = @@character_set_client */;
/*!40101 SET character_set_client = utf8 */;
CREATE TABLE `provider` (
  `id` int(11) NOT NULL AUTO_INCREMENT,
  `rut` int(11) NOT NULL,
  `dv` char(1) NOT NULL,
  `name` varchar(45) NOT NULL,
  `margin` int(11) DEFAULT NULL,
  `created_by` int(11) NOT NULL,
  `created_at` datetime NOT NULL,
  PRIMARY KEY (`id`),
  UNIQUE KEY `id_UNIQUE` (`id`)
) ENGINE=InnoDB AUTO_INCREMENT=6 DEFAULT CHARSET=utf8;
/*!40101 SET character_set_client = @saved_cs_client */;

--
-- Dumping data for table `provider`
--

LOCK TABLES `provider` WRITE;
/*!40000 ALTER TABLE `provider` DISABLE KEYS */;
INSERT INTO `provider` VALUES (1,6778267,'4','Jaime P.Basualdo Misto',0,1,'2015-09-08 17:47:46'),(2,77915260,'K','Sociedad Comercial San Miguel Limitada',0,1,'2015-09-08 17:47:46'),(3,99520000,'7','Cia.de Petroleos de Chile Copec S.A.',0,1,'2015-09-08 17:47:46'),(4,76278485,'8','COMBUSTIBLES TRIMAX',0,1,'2015-09-08 17:47:46'),(5,78019200,'3','Comercial Bosque del Mataquito Ltda',0,1,'2015-09-08 17:47:49');
/*!40000 ALTER TABLE `provider` ENABLE KEYS */;
UNLOCK TABLES;

--
-- Table structure for table `region`
--

DROP TABLE IF EXISTS `region`;
/*!40101 SET @saved_cs_client     = @@character_set_client */;
/*!40101 SET character_set_client = utf8 */;
CREATE TABLE `region` (
  `id` int(11) NOT NULL AUTO_INCREMENT,
  `name` varchar(45) DEFAULT NULL,
  `created_by` varchar(45) DEFAULT NULL,
  `created_at` varchar(45) DEFAULT NULL,
  PRIMARY KEY (`id`),
  UNIQUE KEY `id_UNIQUE` (`id`)
) ENGINE=InnoDB AUTO_INCREMENT=16 DEFAULT CHARSET=utf8;
/*!40101 SET character_set_client = @saved_cs_client */;

--
-- Dumping data for table `region`
--

LOCK TABLES `region` WRITE;
/*!40000 ALTER TABLE `region` DISABLE KEYS */;
INSERT INTO `region` VALUES (1,'I de Trarapacá','1','2015-09-08 14:19:10'),(2,'II de Antofagasta','1','2015-09-08 14:19:10'),(3,'III de Atacama ','1','2015-09-08 14:19:10'),(4,'IV de Coquimbo ','1','2015-09-08 14:19:10'),(5,'V de Valparaíso','1','2015-09-08 14:19:10'),(6,'VI del Libertador Gral. Bernardo OHiggins','1','2015-09-08 14:19:10'),(7,'VII del Maule','1','2015-09-08 14:19:10'),(8,'VIII del Bío Bío','1','2015-09-08 14:19:10'),(9,'IX de la Araucanía','1','2015-09-08 14:19:10'),(10,'X de los Lagos','1','2015-09-08 14:19:10'),(11,'XI Aisén del Gral. Carlos Ibáñez del Campo','1','2015-09-08 14:19:10'),(12,'XII de Magallanesy Antártica Chile','1','2015-09-08 14:19:10'),(13,'Metropolitana de Santiago','1','2015-09-08 14:19:10'),(14,'XIV de los Ríos','1','2015-09-08 14:19:10'),(15,'XV de Arica y Parinacota','1','2015-09-08 14:19:13');
/*!40000 ALTER TABLE `region` ENABLE KEYS */;
UNLOCK TABLES;

--
-- Table structure for table `regiones`
--

DROP TABLE IF EXISTS `regiones`;
/*!40101 SET @saved_cs_client     = @@character_set_client */;
/*!40101 SET character_set_client = utf8 */;
CREATE TABLE `regiones` (
  `idRegion` int(11) NOT NULL,
  `nombre` varchar(45) DEFAULT NULL,
  `creadoPor` int(11) DEFAULT NULL,
  `creadoAt` datetime DEFAULT NULL,
  PRIMARY KEY (`idRegion`)
) ENGINE=InnoDB DEFAULT CHARSET=latin1;
/*!40101 SET character_set_client = @saved_cs_client */;

--
-- Dumping data for table `regiones`
--

LOCK TABLES `regiones` WRITE;
/*!40000 ALTER TABLE `regiones` DISABLE KEYS */;
INSERT INTO `regiones` VALUES (1,'I de Tarapacá',1,'2015-08-17 00:00:00'),(2,'II de Antofagasta',1,'2015-08-17 00:00:00'),(3,'III de Atacama',1,'2015-08-17 00:00:00'),(4,'IV de Coquimbo',1,'2015-08-17 00:00:00'),(5,'V de Valparaíso',1,'2015-08-17 00:00:00'),(6,'VI del Libertador Gral. Bernardo O\'Higgins',1,'2015-08-17 00:00:00'),(7,'VII del Maule',1,'2015-08-17 00:00:00'),(8,'VIII del Bío Bío',1,'2015-08-17 00:00:00'),(9,'IX de la Araucanía',1,'2015-08-17 00:00:00'),(10,'X de los Lagos',1,'2015-08-17 00:00:00'),(11,'XI Aisén del Gral. Carlos Ibáñez del Campo',1,'2015-08-17 00:00:00'),(12,'XII de Magallanesy Antártica Chile',1,'2015-08-17 00:00:00'),(13,'Metropolitana de Santiago',1,'2015-08-17 00:00:00'),(14,'XIV de los Ríos',1,'2015-08-17 00:00:00'),(15,'XV de Arica y Parinacota',1,'2015-08-17 00:00:00');
/*!40000 ALTER TABLE `regiones` ENABLE KEYS */;
UNLOCK TABLES;

--
-- Table structure for table `role_user`
--

DROP TABLE IF EXISTS `role_user`;
/*!40101 SET @saved_cs_client     = @@character_set_client */;
/*!40101 SET character_set_client = utf8 */;
CREATE TABLE `role_user` (
  `id` int(11) NOT NULL AUTO_INCREMENT,
  `enterprise_id` int(11) NOT NULL,
  `rol_id` int(11) NOT NULL,
  `user_id` int(11) NOT NULL,
  `created_by` int(11) NOT NULL,
  `created_at` timestamp NOT NULL DEFAULT CURRENT_TIMESTAMP ON UPDATE CURRENT_TIMESTAMP,
  `updated_at` timestamp NOT NULL DEFAULT '0000-00-00 00:00:00',
  PRIMARY KEY (`id`),
  UNIQUE KEY `id_UNIQUE` (`id`),
  KEY `enterprise_id_idx` (`enterprise_id`),
  KEY `rol_id_idx` (`rol_id`),
  KEY `user_id_idx` (`user_id`),
  CONSTRAINT `rol_id` FOREIGN KEY (`rol_id`) REFERENCES `roles` (`id`) ON DELETE NO ACTION ON UPDATE NO ACTION,
  CONSTRAINT `rol_users_enterprise_id` FOREIGN KEY (`enterprise_id`) REFERENCES `enterprise` (`id`) ON DELETE NO ACTION ON UPDATE NO ACTION,
  CONSTRAINT `user_id` FOREIGN KEY (`user_id`) REFERENCES `users` (`id`) ON DELETE NO ACTION ON UPDATE NO ACTION
) ENGINE=InnoDB DEFAULT CHARSET=utf8;
/*!40101 SET character_set_client = @saved_cs_client */;

--
-- Dumping data for table `role_user`
--

LOCK TABLES `role_user` WRITE;
/*!40000 ALTER TABLE `role_user` DISABLE KEYS */;
/*!40000 ALTER TABLE `role_user` ENABLE KEYS */;
UNLOCK TABLES;

--
-- Table structure for table `roles`
--

DROP TABLE IF EXISTS `roles`;
/*!40101 SET @saved_cs_client     = @@character_set_client */;
/*!40101 SET character_set_client = utf8 */;
CREATE TABLE `roles` (
  `id` int(11) NOT NULL AUTO_INCREMENT,
  `code` varchar(45) DEFAULT NULL,
  `name` varchar(45) NOT NULL,
  `created_by` int(11) NOT NULL,
  `created_at` timestamp NOT NULL DEFAULT CURRENT_TIMESTAMP ON UPDATE CURRENT_TIMESTAMP,
  `updated_at` timestamp NOT NULL DEFAULT '0000-00-00 00:00:00',
  PRIMARY KEY (`id`),
  UNIQUE KEY `id_UNIQUE` (`id`)
) ENGINE=InnoDB DEFAULT CHARSET=utf8;
/*!40101 SET character_set_client = @saved_cs_client */;

--
-- Dumping data for table `roles`
--

LOCK TABLES `roles` WRITE;
/*!40000 ALTER TABLE `roles` DISABLE KEYS */;
/*!40000 ALTER TABLE `roles` ENABLE KEYS */;
UNLOCK TABLES;

--
-- Table structure for table `status`
--

DROP TABLE IF EXISTS `status`;
/*!40101 SET @saved_cs_client     = @@character_set_client */;
/*!40101 SET character_set_client = utf8 */;
CREATE TABLE `status` (
  `idStatus` int(11) NOT NULL,
  `name` varchar(45) DEFAULT NULL,
  `created_by` int(11) DEFAULT NULL,
  `created_at` timestamp NOT NULL DEFAULT CURRENT_TIMESTAMP ON UPDATE CURRENT_TIMESTAMP,
  PRIMARY KEY (`idStatus`)
) ENGINE=InnoDB DEFAULT CHARSET=latin1;
/*!40101 SET character_set_client = @saved_cs_client */;

--
-- Dumping data for table `status`
--

LOCK TABLES `status` WRITE;
/*!40000 ALTER TABLE `status` DISABLE KEYS */;
INSERT INTO `status` VALUES (1,'Activo',1,'2015-08-19 00:00:00'),(2,'En taller',1,'2015-08-19 00:00:00'),(3,'Stand by',1,'2015-08-19 00:00:00'),(4,'Baja',1,'2015-08-19 00:00:00'),(5,'Desarme',1,'2015-08-19 00:00:00');
/*!40000 ALTER TABLE `status` ENABLE KEYS */;
UNLOCK TABLES;

--
-- Table structure for table `status_equipment`
--

DROP TABLE IF EXISTS `status_equipment`;
/*!40101 SET @saved_cs_client     = @@character_set_client */;
/*!40101 SET character_set_client = utf8 */;
CREATE TABLE `status_equipment` (
  `id` int(11) NOT NULL AUTO_INCREMENT,
  `name` varchar(45) NOT NULL,
  `created_by` int(11) NOT NULL,
  `created_at` timestamp NOT NULL DEFAULT CURRENT_TIMESTAMP ON UPDATE CURRENT_TIMESTAMP,
  PRIMARY KEY (`id`),
  UNIQUE KEY `id_UNIQUE` (`id`)
) ENGINE=InnoDB AUTO_INCREMENT=6 DEFAULT CHARSET=utf8;
/*!40101 SET character_set_client = @saved_cs_client */;

--
-- Dumping data for table `status_equipment`
--

LOCK TABLES `status_equipment` WRITE;
/*!40000 ALTER TABLE `status_equipment` DISABLE KEYS */;
INSERT INTO `status_equipment` VALUES (1,'Activo',1,'2015-09-14 16:04:32'),(2,'En taller',1,'2015-09-14 16:04:32'),(3,'Stand by',1,'2015-09-14 16:04:32'),(4,'Baja',1,'2015-09-14 16:04:32'),(5,'Desarme',1,'2015-09-14 16:04:32');
/*!40000 ALTER TABLE `status_equipment` ENABLE KEYS */;
UNLOCK TABLES;

--
-- Table structure for table `tipos`
--

DROP TABLE IF EXISTS `tipos`;
/*!40101 SET @saved_cs_client     = @@character_set_client */;
/*!40101 SET character_set_client = utf8 */;
CREATE TABLE `tipos` (
  `idTipos` int(11) NOT NULL,
  `idFamilia` int(11) DEFAULT NULL,
  `codigo` varchar(45) DEFAULT NULL,
  `nombre` varchar(45) DEFAULT NULL,
  `creadoPor` int(11) DEFAULT NULL,
  `creadoAt` datetime DEFAULT NULL,
  PRIMARY KEY (`idTipos`),
  KEY `fk_tipos_familias1_idx` (`idFamilia`),
  CONSTRAINT `fk_tipos_familias1` FOREIGN KEY (`idFamilia`) REFERENCES `familias` (`idFamilia`) ON DELETE NO ACTION ON UPDATE NO ACTION
) ENGINE=InnoDB DEFAULT CHARSET=latin1;
/*!40101 SET character_set_client = @saved_cs_client */;

--
-- Dumping data for table `tipos`
--

LOCK TABLES `tipos` WRITE;
/*!40000 ALTER TABLE `tipos` DISABLE KEYS */;
INSERT INTO `tipos` VALUES (1,8,'','Barredora',1,'2015-08-17 00:00:00'),(2,6,'','Cama Baja',1,'2015-08-17 00:00:00'),(3,7,'','Camión',1,'2015-08-17 00:00:00'),(4,7,'','Camioneta',1,'2015-08-17 00:00:00'),(5,4,'','Cargador',1,'2015-08-17 00:00:00'),(6,6,'','Carro Arrastre',1,'2015-08-17 00:00:00'),(7,8,'','Compresor',1,'2015-08-17 00:00:00'),(8,1,'','Excavadora',1,'2015-08-17 00:00:00'),(9,1,'','Grua',1,'2015-08-17 00:00:00'),(10,3,'','Grua Horquilla',1,'2015-08-17 00:00:00'),(11,2,'','Grua Montada',1,'2015-08-17 00:00:00'),(12,7,'','Minibus',1,'2015-08-17 00:00:00'),(13,4,'','Minicargador',1,'2015-08-17 00:00:00'),(14,6,'','Remolque',1,'2015-08-17 00:00:00'),(15,6,'','Semiremolque',1,'2015-08-17 00:00:00'),(16,5,'','Tractor',1,'2015-08-17 00:00:00'),(17,4,'','Bulldozer',1,'2015-07-18 00:00:00'),(18,7,'','Furgón',1,'2015-07-18 00:00:00');
/*!40000 ALTER TABLE `tipos` ENABLE KEYS */;
UNLOCK TABLES;

--
-- Table structure for table `tiposdispensadores`
--

DROP TABLE IF EXISTS `tiposdispensadores`;
/*!40101 SET @saved_cs_client     = @@character_set_client */;
/*!40101 SET character_set_client = utf8 */;
CREATE TABLE `tiposdispensadores` (
  `idTiposDispensadores` int(11) NOT NULL,
  `nombre` varchar(45) DEFAULT NULL,
  `creadoPor` int(11) DEFAULT NULL,
  `creadoAt` datetime DEFAULT NULL,
  PRIMARY KEY (`idTiposDispensadores`),
  UNIQUE KEY `idTiposDispensadores_UNIQUE` (`idTiposDispensadores`)
) ENGINE=InnoDB DEFAULT CHARSET=latin1;
/*!40101 SET character_set_client = @saved_cs_client */;

--
-- Dumping data for table `tiposdispensadores`
--

LOCK TABLES `tiposdispensadores` WRITE;
/*!40000 ALTER TABLE `tiposdispensadores` DISABLE KEYS */;
INSERT INTO `tiposdispensadores` VALUES (1,'Estación servicio planta',1,'0000-00-00 00:00:00');
/*!40000 ALTER TABLE `tiposdispensadores` ENABLE KEYS */;
UNLOCK TABLES;

--
-- Table structure for table `tiposidentificacion`
--

DROP TABLE IF EXISTS `tiposidentificacion`;
/*!40101 SET @saved_cs_client     = @@character_set_client */;
/*!40101 SET character_set_client = utf8 */;
CREATE TABLE `tiposidentificacion` (
  `idTiposIdentificacion` int(11) NOT NULL,
  `nombre` varchar(45) DEFAULT NULL,
  `creadoPor` int(11) DEFAULT NULL,
  `creadoAt` datetime DEFAULT NULL,
  PRIMARY KEY (`idTiposIdentificacion`),
  UNIQUE KEY `idTiposIdentificacion_UNIQUE` (`idTiposIdentificacion`)
) ENGINE=InnoDB DEFAULT CHARSET=latin1;
/*!40101 SET character_set_client = @saved_cs_client */;

--
-- Dumping data for table `tiposidentificacion`
--

LOCK TABLES `tiposidentificacion` WRITE;
/*!40000 ALTER TABLE `tiposidentificacion` DISABLE KEYS */;
INSERT INTO `tiposidentificacion` VALUES (1,'PPU',1,'2015-08-24 00:00:00'),(2,'Sin patente',1,'2015-08-24 00:00:00'),(3,'Patente en trámite',1,'2015-08-24 00:00:00'),(4,'Identificación propia',1,'2015-08-24 00:00:00'),(5,'Otro',1,'2015-08-24 00:00:00');
/*!40000 ALTER TABLE `tiposidentificacion` ENABLE KEYS */;
UNLOCK TABLES;

--
-- Table structure for table `turnos`
--

DROP TABLE IF EXISTS `turnos`;
/*!40101 SET @saved_cs_client     = @@character_set_client */;
/*!40101 SET character_set_client = utf8 */;
CREATE TABLE `turnos` (
  `idTurnos` int(11) NOT NULL,
  `codigo` char(1) DEFAULT NULL,
  `nombre` varchar(45) DEFAULT NULL,
  `jornada` varchar(45) DEFAULT NULL,
  `diaInicio` varchar(45) DEFAULT NULL,
  `diaFin` varchar(45) DEFAULT NULL,
  `horaInicio` time DEFAULT NULL,
  `horaFin` time DEFAULT NULL,
  `colacion` int(11) DEFAULT NULL,
  `inicioColacion` time DEFAULT NULL,
  `finColacion` time DEFAULT NULL,
  `creadoPor` int(11) DEFAULT NULL,
  `creadoAt` datetime DEFAULT NULL,
  PRIMARY KEY (`idTurnos`),
  UNIQUE KEY `idTurnos_UNIQUE` (`idTurnos`)
) ENGINE=InnoDB DEFAULT CHARSET=latin1;
/*!40101 SET character_set_client = @saved_cs_client */;

--
-- Dumping data for table `turnos`
--

LOCK TABLES `turnos` WRITE;
/*!40000 ALTER TABLE `turnos` DISABLE KEYS */;
INSERT INTO `turnos` VALUES (1,'M','5x2','Día','Lunes','Viernes','08:00:00','14:00:00',1,'13:00:00','14:00:00',1,'2015-08-25 00:00:00');
/*!40000 ALTER TABLE `turnos` ENABLE KEYS */;
UNLOCK TABLES;

--
-- Table structure for table `turnosfaenas`
--

DROP TABLE IF EXISTS `turnosfaenas`;
/*!40101 SET @saved_cs_client     = @@character_set_client */;
/*!40101 SET character_set_client = utf8 */;
CREATE TABLE `turnosfaenas` (
  `idturnosFaenas` int(11) NOT NULL,
  `idFaenas` int(11) DEFAULT NULL,
  `idTurnos` int(11) DEFAULT NULL,
  `creadoPor` int(11) DEFAULT NULL,
  `creadoAt` datetime DEFAULT NULL,
  PRIMARY KEY (`idturnosFaenas`),
  UNIQUE KEY `idturnosFaenas_UNIQUE` (`idturnosFaenas`),
  KEY `idFaenas_idx` (`idFaenas`),
  KEY `idTurnos_idx` (`idTurnos`),
  CONSTRAINT `idFaenas` FOREIGN KEY (`idFaenas`) REFERENCES `faenas` (`idFaena`) ON DELETE NO ACTION ON UPDATE NO ACTION,
  CONSTRAINT `idTurnos` FOREIGN KEY (`idTurnos`) REFERENCES `turnos` (`idTurnos`) ON DELETE NO ACTION ON UPDATE NO ACTION
) ENGINE=InnoDB DEFAULT CHARSET=latin1;
/*!40101 SET character_set_client = @saved_cs_client */;

--
-- Dumping data for table `turnosfaenas`
--

LOCK TABLES `turnosfaenas` WRITE;
/*!40000 ALTER TABLE `turnosfaenas` DISABLE KEYS */;
/*!40000 ALTER TABLE `turnosfaenas` ENABLE KEYS */;
UNLOCK TABLES;

--
-- Table structure for table `type`
--

DROP TABLE IF EXISTS `type`;
/*!40101 SET @saved_cs_client     = @@character_set_client */;
/*!40101 SET character_set_client = utf8 */;
CREATE TABLE `type` (
  `id` int(11) NOT NULL AUTO_INCREMENT,
  `category_id` int(11) NOT NULL,
  `code` varchar(45) NOT NULL,
  `name` varchar(45) NOT NULL,
  `created_by` int(11) DEFAULT NULL,
  `created_at` datetime DEFAULT NULL,
  PRIMARY KEY (`id`),
  UNIQUE KEY `id_UNIQUE` (`id`),
  KEY `category_id_idx` (`category_id`),
  CONSTRAINT `category_id` FOREIGN KEY (`category_id`) REFERENCES `category` (`id`) ON DELETE NO ACTION ON UPDATE NO ACTION
) ENGINE=InnoDB AUTO_INCREMENT=19 DEFAULT CHARSET=utf8;
/*!40101 SET character_set_client = @saved_cs_client */;

--
-- Dumping data for table `type`
--

LOCK TABLES `type` WRITE;
/*!40000 ALTER TABLE `type` DISABLE KEYS */;
INSERT INTO `type` VALUES (1,8,'','Barredora',1,'2015-09-14 18:34:01'),(2,6,'','Cama Baja',1,'2015-09-14 18:34:01'),(3,7,'','Camión',1,'2015-09-14 18:34:01'),(4,7,'','Camioneta',1,'2015-09-14 18:34:01'),(5,4,'','Cargador',1,'2015-09-14 18:34:01'),(6,6,'','Carro Arrastre',1,'2015-09-14 18:34:01'),(7,8,'','Compresor',1,'2015-09-14 18:34:01'),(8,1,'','Excavadora',1,'2015-09-14 18:34:01'),(9,1,'','Grua',1,'2015-09-14 18:34:01'),(10,3,'','Grua Horquilla',1,'2015-09-14 18:34:01'),(11,2,'','Grua Montada',1,'2015-09-14 18:34:01'),(12,7,'','Minibus',1,'2015-09-14 18:34:01'),(13,4,'','Minicargador',1,'2015-09-14 18:34:01'),(14,6,'','Remolque',1,'2015-09-14 18:34:01'),(15,6,'','Semiremolque',1,'2015-09-14 18:34:01'),(16,5,'','Tractor',1,'2015-09-14 18:34:01'),(17,4,'','Bulldozer',1,'2015-09-14 18:34:01'),(18,7,'','Furgón',1,'2015-09-14 18:34:04');
/*!40000 ALTER TABLE `type` ENABLE KEYS */;
UNLOCK TABLES;

--
-- Table structure for table `type_identification`
--

DROP TABLE IF EXISTS `type_identification`;
/*!40101 SET @saved_cs_client     = @@character_set_client */;
/*!40101 SET character_set_client = utf8 */;
CREATE TABLE `type_identification` (
  `id` int(11) NOT NULL AUTO_INCREMENT,
  `name` varchar(45) NOT NULL,
  `created_by` int(11) NOT NULL,
  `created_at` datetime NOT NULL,
  PRIMARY KEY (`id`),
  UNIQUE KEY `id_UNIQUE` (`id`)
) ENGINE=InnoDB AUTO_INCREMENT=6 DEFAULT CHARSET=utf8;
/*!40101 SET character_set_client = @saved_cs_client */;

--
-- Dumping data for table `type_identification`
--

LOCK TABLES `type_identification` WRITE;
/*!40000 ALTER TABLE `type_identification` DISABLE KEYS */;
INSERT INTO `type_identification` VALUES (1,'PPU',1,'2015-09-14 18:55:10'),(2,'Sin patente',1,'2015-09-14 18:55:10'),(3,'Patente en trámite',1,'2015-09-14 18:55:10'),(4,'Identificación propia',1,'2015-09-14 18:55:10'),(5,'Otro',1,'2015-09-14 18:55:11');
/*!40000 ALTER TABLE `type_identification` ENABLE KEYS */;
UNLOCK TABLES;

--
-- Table structure for table `users`
--

DROP TABLE IF EXISTS `users`;
/*!40101 SET @saved_cs_client     = @@character_set_client */;
/*!40101 SET character_set_client = utf8 */;
CREATE TABLE `users` (
  `id` int(11) NOT NULL AUTO_INCREMENT,
  `person_id` int(11) NOT NULL,
  `login` varchar(45) NOT NULL,
  `password` varchar(255) NOT NULL,
  `created_by` int(11) NOT NULL,
  `created_at` datetime NOT NULL,
  `updated_at` datetime DEFAULT NULL,
  PRIMARY KEY (`id`),
  UNIQUE KEY `id_UNIQUE` (`id`),
  KEY `person_id_idx` (`person_id`),
  CONSTRAINT `person_id` FOREIGN KEY (`person_id`) REFERENCES `person` (`id`) ON DELETE NO ACTION ON UPDATE NO ACTION
) ENGINE=InnoDB AUTO_INCREMENT=7 DEFAULT CHARSET=utf8;
/*!40101 SET character_set_client = @saved_cs_client */;

--
-- Dumping data for table `users`
--

LOCK TABLES `users` WRITE;
/*!40000 ALTER TABLE `users` DISABLE KEYS */;
INSERT INTO `users` VALUES (1,1,'admin','$2y$10$XylnJkM0Dh0pIc/HzZP1ZeU25itV5hPqfoRiA9',1,'2015-09-10 20:55:26','2015-09-30 01:26:13'),(2,348,'vmoreno','vmoreno',1,'2015-09-10 20:55:29',NULL),(6,190,'rrumeau','$2y$10$Q3FoPh4ALMTFtNlbX.9EBOd9FA2F6S7dsASjddrwwlHBAzqEP1oce',1,'2015-09-30 01:31:46','2015-09-30 01:52:10');
/*!40000 ALTER TABLE `users` ENABLE KEYS */;
UNLOCK TABLES;

--
-- Table structure for table `work_shift`
--

DROP TABLE IF EXISTS `work_shift`;
/*!40101 SET @saved_cs_client     = @@character_set_client */;
/*!40101 SET character_set_client = utf8 */;
CREATE TABLE `work_shift` (
  `id` int(11) NOT NULL AUTO_INCREMENT,
  `code` varchar(45) DEFAULT NULL,
  `name` varchar(45) NOT NULL,
  `working_day` varchar(45) DEFAULT NULL,
  `start_day` varchar(45) DEFAULT NULL,
  `term_day` varchar(45) DEFAULT NULL,
  `start_hour` time DEFAULT NULL,
  `term_hour` time DEFAULT NULL,
  `lunch_time` int(11) DEFAULT NULL,
  `start_lunch_time` time DEFAULT NULL,
  `term_lunch_time` time DEFAULT NULL,
  `created_by` int(11) NOT NULL,
  `created_at` datetime NOT NULL,
  PRIMARY KEY (`id`),
  UNIQUE KEY `id_UNIQUE` (`id`)
) ENGINE=InnoDB AUTO_INCREMENT=2 DEFAULT CHARSET=utf8;
/*!40101 SET character_set_client = @saved_cs_client */;

--
-- Dumping data for table `work_shift`
--

LOCK TABLES `work_shift` WRITE;
/*!40000 ALTER TABLE `work_shift` DISABLE KEYS */;
INSERT INTO `work_shift` VALUES (1,'M','Turno día','Lunes-Viernes','Lunes','Viernes','08:00:00','18:00:00',1,'13:00:00','14:00:00',1,'2015-09-11 14:36:31');
/*!40000 ALTER TABLE `work_shift` ENABLE KEYS */;
UNLOCK TABLES;
/*!40103 SET TIME_ZONE=@OLD_TIME_ZONE */;

/*!40101 SET SQL_MODE=@OLD_SQL_MODE */;
/*!40014 SET FOREIGN_KEY_CHECKS=@OLD_FOREIGN_KEY_CHECKS */;
/*!40014 SET UNIQUE_CHECKS=@OLD_UNIQUE_CHECKS */;
/*!40101 SET CHARACTER_SET_CLIENT=@OLD_CHARACTER_SET_CLIENT */;
/*!40101 SET CHARACTER_SET_RESULTS=@OLD_CHARACTER_SET_RESULTS */;
/*!40101 SET COLLATION_CONNECTION=@OLD_COLLATION_CONNECTION */;
/*!40111 SET SQL_NOTES=@OLD_SQL_NOTES */;

-- Dump completed on 2015-09-29 23:58:38
